count,next,previous,results
1281,https://pokeapi.co/api/v2/pokemon?offset=721&limit=560,,"{'name': 'bulbasaur', 'url': 'https://pokeapi.co/api/v2/pokemon/1/'}"
1281,https://pokeapi.co/api/v2/pokemon?offset=721&limit=560,,"{'name': 'ivysaur', 'url': 'https://pokeapi.co/api/v2/pokemon/2/'}"
1281,https://pokeapi.co/api/v2/pokemon?offset=721&limit=560,,"{'name': 'venusaur', 'url': 'https://pokeapi.co/api/v2/pokemon/3/'}"
1281,https://pokeapi.co/api/v2/pokemon?offset=721&limit=560,,"{'name': 'charmander', 'url': 'https://pokeapi.co/api/v2/pokemon/4/'}"
1281,https://pokeapi.co/api/v2/pokemon?offset=721&limit=560,,"{'name': 'charmeleon', 'url': 'https://pokeapi.co/api/v2/pokemon/5/'}"
1281,https://pokeapi.co/api/v2/pokemon?offset=721&limit=560,,"{'name': 'charizard', 'url': 'https://pokeapi.co/api/v2/pokemon/6/'}"
1281,https://pokeapi.co/api/v2/pokemon?offset=721&limit=560,,"{'name': 'squirtle', 'url': 'https://pokeapi.co/api/v2/pokemon/7/'}"
1281,https://pokeapi.co/api/v2/pokemon?offset=721&limit=560,,"{'name': 'wartortle', 'url': 'https://pokeapi.co/api/v2/pokemon/8/'}"
1281,https://pokeapi.co/api/v2/pokemon?offset=721&limit=560,,"{'name': 'blastoise', 'url': 'https://pokeapi.co/api/v2/pokemon/9/'}"
1281,https://pokeapi.co/api/v2/pokemon?offset=721&limit=560,,"{'name': 'caterpie', 'url': 'https://pokeapi.co/api/v2/pokemon/10/'}"
1281,https://pokeapi.co/api/v2/pokemon?offset=721&limit=560,,"{'name': 'metapod', 'url': 'https://pokeapi.co/api/v2/pokemon/11/'}"
1281,https://pokeapi.co/api/v2/pokemon?offset=721&limit=560,,"{'name': 'butterfree', 'url': 'https://pokeapi.co/api/v2/pokemon/12/'}"
1281,https://pokeapi.co/api/v2/pokemon?offset=721&limit=560,,"{'name': 'weedle', 'url': 'https://pokeapi.co/api/v2/pokemon/13/'}"
1281,https://pokeapi.co/api/v2/pokemon?offset=721&limit=560,,"{'name': 'kakuna', 'url': 'https://pokeapi.co/api/v2/pokemon/14/'}"
1281,https://pokeapi.co/api/v2/pokemon?offset=721&limit=560,,"{'name': 'beedrill', 'url': 'https://pokeapi.co/api/v2/pokemon/15/'}"
1281,https://pokeapi.co/api/v2/pokemon?offset=721&limit=560,,"{'name': 'pidgey', 'url': 'https://pokeapi.co/api/v2/pokemon/16/'}"
1281,https://pokeapi.co/api/v2/pokemon?offset=721&limit=560,,"{'name': 'pidgeotto', 'url': 'https://pokeapi.co/api/v2/pokemon/17/'}"
1281,https://pokeapi.co/api/v2/pokemon?offset=721&limit=560,,"{'name': 'pidgeot', 'url': 'https://pokeapi.co/api/v2/pokemon/18/'}"
1281,https://pokeapi.co/api/v2/pokemon?offset=721&limit=560,,"{'name': 'rattata', 'url': 'https://pokeapi.co/api/v2/pokemon/19/'}"
1281,https://pokeapi.co/api/v2/pokemon?offset=721&limit=560,,"{'name': 'raticate', 'url': 'https://pokeapi.co/api/v2/pokemon/20/'}"
1281,https://pokeapi.co/api/v2/pokemon?offset=721&limit=560,,"{'name': 'spearow', 'url': 'https://pokeapi.co/api/v2/pokemon/21/'}"
1281,https://pokeapi.co/api/v2/pokemon?offset=721&limit=560,,"{'name': 'fearow', 'url': 'https://pokeapi.co/api/v2/pokemon/22/'}"
1281,https://pokeapi.co/api/v2/pokemon?offset=721&limit=560,,"{'name': 'ekans', 'url': 'https://pokeapi.co/api/v2/pokemon/23/'}"
1281,https://pokeapi.co/api/v2/pokemon?offset=721&limit=560,,"{'name': 'arbok', 'url': 'https://pokeapi.co/api/v2/pokemon/24/'}"
1281,https://pokeapi.co/api/v2/pokemon?offset=721&limit=560,,"{'name': 'pikachu', 'url': 'https://pokeapi.co/api/v2/pokemon/25/'}"
1281,https://pokeapi.co/api/v2/pokemon?offset=721&limit=560,,"{'name': 'raichu', 'url': 'https://pokeapi.co/api/v2/pokemon/26/'}"
1281,https://pokeapi.co/api/v2/pokemon?offset=721&limit=560,,"{'name': 'sandshrew', 'url': 'https://pokeapi.co/api/v2/pokemon/27/'}"
1281,https://pokeapi.co/api/v2/pokemon?offset=721&limit=560,,"{'name': 'sandslash', 'url': 'https://pokeapi.co/api/v2/pokemon/28/'}"
1281,https://pokeapi.co/api/v2/pokemon?offset=721&limit=560,,"{'name': 'nidoran-f', 'url': 'https://pokeapi.co/api/v2/pokemon/29/'}"
1281,https://pokeapi.co/api/v2/pokemon?offset=721&limit=560,,"{'name': 'nidorina', 'url': 'https://pokeapi.co/api/v2/pokemon/30/'}"
1281,https://pokeapi.co/api/v2/pokemon?offset=721&limit=560,,"{'name': 'nidoqueen', 'url': 'https://pokeapi.co/api/v2/pokemon/31/'}"
1281,https://pokeapi.co/api/v2/pokemon?offset=721&limit=560,,"{'name': 'nidoran-m', 'url': 'https://pokeapi.co/api/v2/pokemon/32/'}"
1281,https://pokeapi.co/api/v2/pokemon?offset=721&limit=560,,"{'name': 'nidorino', 'url': 'https://pokeapi.co/api/v2/pokemon/33/'}"
1281,https://pokeapi.co/api/v2/pokemon?offset=721&limit=560,,"{'name': 'nidoking', 'url': 'https://pokeapi.co/api/v2/pokemon/34/'}"
1281,https://pokeapi.co/api/v2/pokemon?offset=721&limit=560,,"{'name': 'clefairy', 'url': 'https://pokeapi.co/api/v2/pokemon/35/'}"
1281,https://pokeapi.co/api/v2/pokemon?offset=721&limit=560,,"{'name': 'clefable', 'url': 'https://pokeapi.co/api/v2/pokemon/36/'}"
1281,https://pokeapi.co/api/v2/pokemon?offset=721&limit=560,,"{'name': 'vulpix', 'url': 'https://pokeapi.co/api/v2/pokemon/37/'}"
1281,https://pokeapi.co/api/v2/pokemon?offset=721&limit=560,,"{'name': 'ninetales', 'url': 'https://pokeapi.co/api/v2/pokemon/38/'}"
1281,https://pokeapi.co/api/v2/pokemon?offset=721&limit=560,,"{'name': 'jigglypuff', 'url': 'https://pokeapi.co/api/v2/pokemon/39/'}"
1281,https://pokeapi.co/api/v2/pokemon?offset=721&limit=560,,"{'name': 'wigglytuff', 'url': 'https://pokeapi.co/api/v2/pokemon/40/'}"
1281,https://pokeapi.co/api/v2/pokemon?offset=721&limit=560,,"{'name': 'zubat', 'url': 'https://pokeapi.co/api/v2/pokemon/41/'}"
1281,https://pokeapi.co/api/v2/pokemon?offset=721&limit=560,,"{'name': 'golbat', 'url': 'https://pokeapi.co/api/v2/pokemon/42/'}"
1281,https://pokeapi.co/api/v2/pokemon?offset=721&limit=560,,"{'name': 'oddish', 'url': 'https://pokeapi.co/api/v2/pokemon/43/'}"
1281,https://pokeapi.co/api/v2/pokemon?offset=721&limit=560,,"{'name': 'gloom', 'url': 'https://pokeapi.co/api/v2/pokemon/44/'}"
1281,https://pokeapi.co/api/v2/pokemon?offset=721&limit=560,,"{'name': 'vileplume', 'url': 'https://pokeapi.co/api/v2/pokemon/45/'}"
1281,https://pokeapi.co/api/v2/pokemon?offset=721&limit=560,,"{'name': 'paras', 'url': 'https://pokeapi.co/api/v2/pokemon/46/'}"
1281,https://pokeapi.co/api/v2/pokemon?offset=721&limit=560,,"{'name': 'parasect', 'url': 'https://pokeapi.co/api/v2/pokemon/47/'}"
1281,https://pokeapi.co/api/v2/pokemon?offset=721&limit=560,,"{'name': 'venonat', 'url': 'https://pokeapi.co/api/v2/pokemon/48/'}"
1281,https://pokeapi.co/api/v2/pokemon?offset=721&limit=560,,"{'name': 'venomoth', 'url': 'https://pokeapi.co/api/v2/pokemon/49/'}"
1281,https://pokeapi.co/api/v2/pokemon?offset=721&limit=560,,"{'name': 'diglett', 'url': 'https://pokeapi.co/api/v2/pokemon/50/'}"
1281,https://pokeapi.co/api/v2/pokemon?offset=721&limit=560,,"{'name': 'dugtrio', 'url': 'https://pokeapi.co/api/v2/pokemon/51/'}"
1281,https://pokeapi.co/api/v2/pokemon?offset=721&limit=560,,"{'name': 'meowth', 'url': 'https://pokeapi.co/api/v2/pokemon/52/'}"
1281,https://pokeapi.co/api/v2/pokemon?offset=721&limit=560,,"{'name': 'persian', 'url': 'https://pokeapi.co/api/v2/pokemon/53/'}"
1281,https://pokeapi.co/api/v2/pokemon?offset=721&limit=560,,"{'name': 'psyduck', 'url': 'https://pokeapi.co/api/v2/pokemon/54/'}"
1281,https://pokeapi.co/api/v2/pokemon?offset=721&limit=560,,"{'name': 'golduck', 'url': 'https://pokeapi.co/api/v2/pokemon/55/'}"
1281,https://pokeapi.co/api/v2/pokemon?offset=721&limit=560,,"{'name': 'mankey', 'url': 'https://pokeapi.co/api/v2/pokemon/56/'}"
1281,https://pokeapi.co/api/v2/pokemon?offset=721&limit=560,,"{'name': 'primeape', 'url': 'https://pokeapi.co/api/v2/pokemon/57/'}"
1281,https://pokeapi.co/api/v2/pokemon?offset=721&limit=560,,"{'name': 'growlithe', 'url': 'https://pokeapi.co/api/v2/pokemon/58/'}"
1281,https://pokeapi.co/api/v2/pokemon?offset=721&limit=560,,"{'name': 'arcanine', 'url': 'https://pokeapi.co/api/v2/pokemon/59/'}"
1281,https://pokeapi.co/api/v2/pokemon?offset=721&limit=560,,"{'name': 'poliwag', 'url': 'https://pokeapi.co/api/v2/pokemon/60/'}"
1281,https://pokeapi.co/api/v2/pokemon?offset=721&limit=560,,"{'name': 'poliwhirl', 'url': 'https://pokeapi.co/api/v2/pokemon/61/'}"
1281,https://pokeapi.co/api/v2/pokemon?offset=721&limit=560,,"{'name': 'poliwrath', 'url': 'https://pokeapi.co/api/v2/pokemon/62/'}"
1281,https://pokeapi.co/api/v2/pokemon?offset=721&limit=560,,"{'name': 'abra', 'url': 'https://pokeapi.co/api/v2/pokemon/63/'}"
1281,https://pokeapi.co/api/v2/pokemon?offset=721&limit=560,,"{'name': 'kadabra', 'url': 'https://pokeapi.co/api/v2/pokemon/64/'}"
1281,https://pokeapi.co/api/v2/pokemon?offset=721&limit=560,,"{'name': 'alakazam', 'url': 'https://pokeapi.co/api/v2/pokemon/65/'}"
1281,https://pokeapi.co/api/v2/pokemon?offset=721&limit=560,,"{'name': 'machop', 'url': 'https://pokeapi.co/api/v2/pokemon/66/'}"
1281,https://pokeapi.co/api/v2/pokemon?offset=721&limit=560,,"{'name': 'machoke', 'url': 'https://pokeapi.co/api/v2/pokemon/67/'}"
1281,https://pokeapi.co/api/v2/pokemon?offset=721&limit=560,,"{'name': 'machamp', 'url': 'https://pokeapi.co/api/v2/pokemon/68/'}"
1281,https://pokeapi.co/api/v2/pokemon?offset=721&limit=560,,"{'name': 'bellsprout', 'url': 'https://pokeapi.co/api/v2/pokemon/69/'}"
1281,https://pokeapi.co/api/v2/pokemon?offset=721&limit=560,,"{'name': 'weepinbell', 'url': 'https://pokeapi.co/api/v2/pokemon/70/'}"
1281,https://pokeapi.co/api/v2/pokemon?offset=721&limit=560,,"{'name': 'victreebel', 'url': 'https://pokeapi.co/api/v2/pokemon/71/'}"
1281,https://pokeapi.co/api/v2/pokemon?offset=721&limit=560,,"{'name': 'tentacool', 'url': 'https://pokeapi.co/api/v2/pokemon/72/'}"
1281,https://pokeapi.co/api/v2/pokemon?offset=721&limit=560,,"{'name': 'tentacruel', 'url': 'https://pokeapi.co/api/v2/pokemon/73/'}"
1281,https://pokeapi.co/api/v2/pokemon?offset=721&limit=560,,"{'name': 'geodude', 'url': 'https://pokeapi.co/api/v2/pokemon/74/'}"
1281,https://pokeapi.co/api/v2/pokemon?offset=721&limit=560,,"{'name': 'graveler', 'url': 'https://pokeapi.co/api/v2/pokemon/75/'}"
1281,https://pokeapi.co/api/v2/pokemon?offset=721&limit=560,,"{'name': 'golem', 'url': 'https://pokeapi.co/api/v2/pokemon/76/'}"
1281,https://pokeapi.co/api/v2/pokemon?offset=721&limit=560,,"{'name': 'ponyta', 'url': 'https://pokeapi.co/api/v2/pokemon/77/'}"
1281,https://pokeapi.co/api/v2/pokemon?offset=721&limit=560,,"{'name': 'rapidash', 'url': 'https://pokeapi.co/api/v2/pokemon/78/'}"
1281,https://pokeapi.co/api/v2/pokemon?offset=721&limit=560,,"{'name': 'slowpoke', 'url': 'https://pokeapi.co/api/v2/pokemon/79/'}"
1281,https://pokeapi.co/api/v2/pokemon?offset=721&limit=560,,"{'name': 'slowbro', 'url': 'https://pokeapi.co/api/v2/pokemon/80/'}"
1281,https://pokeapi.co/api/v2/pokemon?offset=721&limit=560,,"{'name': 'magnemite', 'url': 'https://pokeapi.co/api/v2/pokemon/81/'}"
1281,https://pokeapi.co/api/v2/pokemon?offset=721&limit=560,,"{'name': 'magneton', 'url': 'https://pokeapi.co/api/v2/pokemon/82/'}"
1281,https://pokeapi.co/api/v2/pokemon?offset=721&limit=560,,"{'name': 'farfetchd', 'url': 'https://pokeapi.co/api/v2/pokemon/83/'}"
1281,https://pokeapi.co/api/v2/pokemon?offset=721&limit=560,,"{'name': 'doduo', 'url': 'https://pokeapi.co/api/v2/pokemon/84/'}"
1281,https://pokeapi.co/api/v2/pokemon?offset=721&limit=560,,"{'name': 'dodrio', 'url': 'https://pokeapi.co/api/v2/pokemon/85/'}"
1281,https://pokeapi.co/api/v2/pokemon?offset=721&limit=560,,"{'name': 'seel', 'url': 'https://pokeapi.co/api/v2/pokemon/86/'}"
1281,https://pokeapi.co/api/v2/pokemon?offset=721&limit=560,,"{'name': 'dewgong', 'url': 'https://pokeapi.co/api/v2/pokemon/87/'}"
1281,https://pokeapi.co/api/v2/pokemon?offset=721&limit=560,,"{'name': 'grimer', 'url': 'https://pokeapi.co/api/v2/pokemon/88/'}"
1281,https://pokeapi.co/api/v2/pokemon?offset=721&limit=560,,"{'name': 'muk', 'url': 'https://pokeapi.co/api/v2/pokemon/89/'}"
1281,https://pokeapi.co/api/v2/pokemon?offset=721&limit=560,,"{'name': 'shellder', 'url': 'https://pokeapi.co/api/v2/pokemon/90/'}"
1281,https://pokeapi.co/api/v2/pokemon?offset=721&limit=560,,"{'name': 'cloyster', 'url': 'https://pokeapi.co/api/v2/pokemon/91/'}"
1281,https://pokeapi.co/api/v2/pokemon?offset=721&limit=560,,"{'name': 'gastly', 'url': 'https://pokeapi.co/api/v2/pokemon/92/'}"
1281,https://pokeapi.co/api/v2/pokemon?offset=721&limit=560,,"{'name': 'haunter', 'url': 'https://pokeapi.co/api/v2/pokemon/93/'}"
1281,https://pokeapi.co/api/v2/pokemon?offset=721&limit=560,,"{'name': 'gengar', 'url': 'https://pokeapi.co/api/v2/pokemon/94/'}"
1281,https://pokeapi.co/api/v2/pokemon?offset=721&limit=560,,"{'name': 'onix', 'url': 'https://pokeapi.co/api/v2/pokemon/95/'}"
1281,https://pokeapi.co/api/v2/pokemon?offset=721&limit=560,,"{'name': 'drowzee', 'url': 'https://pokeapi.co/api/v2/pokemon/96/'}"
1281,https://pokeapi.co/api/v2/pokemon?offset=721&limit=560,,"{'name': 'hypno', 'url': 'https://pokeapi.co/api/v2/pokemon/97/'}"
1281,https://pokeapi.co/api/v2/pokemon?offset=721&limit=560,,"{'name': 'krabby', 'url': 'https://pokeapi.co/api/v2/pokemon/98/'}"
1281,https://pokeapi.co/api/v2/pokemon?offset=721&limit=560,,"{'name': 'kingler', 'url': 'https://pokeapi.co/api/v2/pokemon/99/'}"
1281,https://pokeapi.co/api/v2/pokemon?offset=721&limit=560,,"{'name': 'voltorb', 'url': 'https://pokeapi.co/api/v2/pokemon/100/'}"
1281,https://pokeapi.co/api/v2/pokemon?offset=721&limit=560,,"{'name': 'electrode', 'url': 'https://pokeapi.co/api/v2/pokemon/101/'}"
1281,https://pokeapi.co/api/v2/pokemon?offset=721&limit=560,,"{'name': 'exeggcute', 'url': 'https://pokeapi.co/api/v2/pokemon/102/'}"
1281,https://pokeapi.co/api/v2/pokemon?offset=721&limit=560,,"{'name': 'exeggutor', 'url': 'https://pokeapi.co/api/v2/pokemon/103/'}"
1281,https://pokeapi.co/api/v2/pokemon?offset=721&limit=560,,"{'name': 'cubone', 'url': 'https://pokeapi.co/api/v2/pokemon/104/'}"
1281,https://pokeapi.co/api/v2/pokemon?offset=721&limit=560,,"{'name': 'marowak', 'url': 'https://pokeapi.co/api/v2/pokemon/105/'}"
1281,https://pokeapi.co/api/v2/pokemon?offset=721&limit=560,,"{'name': 'hitmonlee', 'url': 'https://pokeapi.co/api/v2/pokemon/106/'}"
1281,https://pokeapi.co/api/v2/pokemon?offset=721&limit=560,,"{'name': 'hitmonchan', 'url': 'https://pokeapi.co/api/v2/pokemon/107/'}"
1281,https://pokeapi.co/api/v2/pokemon?offset=721&limit=560,,"{'name': 'lickitung', 'url': 'https://pokeapi.co/api/v2/pokemon/108/'}"
1281,https://pokeapi.co/api/v2/pokemon?offset=721&limit=560,,"{'name': 'koffing', 'url': 'https://pokeapi.co/api/v2/pokemon/109/'}"
1281,https://pokeapi.co/api/v2/pokemon?offset=721&limit=560,,"{'name': 'weezing', 'url': 'https://pokeapi.co/api/v2/pokemon/110/'}"
1281,https://pokeapi.co/api/v2/pokemon?offset=721&limit=560,,"{'name': 'rhyhorn', 'url': 'https://pokeapi.co/api/v2/pokemon/111/'}"
1281,https://pokeapi.co/api/v2/pokemon?offset=721&limit=560,,"{'name': 'rhydon', 'url': 'https://pokeapi.co/api/v2/pokemon/112/'}"
1281,https://pokeapi.co/api/v2/pokemon?offset=721&limit=560,,"{'name': 'chansey', 'url': 'https://pokeapi.co/api/v2/pokemon/113/'}"
1281,https://pokeapi.co/api/v2/pokemon?offset=721&limit=560,,"{'name': 'tangela', 'url': 'https://pokeapi.co/api/v2/pokemon/114/'}"
1281,https://pokeapi.co/api/v2/pokemon?offset=721&limit=560,,"{'name': 'kangaskhan', 'url': 'https://pokeapi.co/api/v2/pokemon/115/'}"
1281,https://pokeapi.co/api/v2/pokemon?offset=721&limit=560,,"{'name': 'horsea', 'url': 'https://pokeapi.co/api/v2/pokemon/116/'}"
1281,https://pokeapi.co/api/v2/pokemon?offset=721&limit=560,,"{'name': 'seadra', 'url': 'https://pokeapi.co/api/v2/pokemon/117/'}"
1281,https://pokeapi.co/api/v2/pokemon?offset=721&limit=560,,"{'name': 'goldeen', 'url': 'https://pokeapi.co/api/v2/pokemon/118/'}"
1281,https://pokeapi.co/api/v2/pokemon?offset=721&limit=560,,"{'name': 'seaking', 'url': 'https://pokeapi.co/api/v2/pokemon/119/'}"
1281,https://pokeapi.co/api/v2/pokemon?offset=721&limit=560,,"{'name': 'staryu', 'url': 'https://pokeapi.co/api/v2/pokemon/120/'}"
1281,https://pokeapi.co/api/v2/pokemon?offset=721&limit=560,,"{'name': 'starmie', 'url': 'https://pokeapi.co/api/v2/pokemon/121/'}"
1281,https://pokeapi.co/api/v2/pokemon?offset=721&limit=560,,"{'name': 'mr-mime', 'url': 'https://pokeapi.co/api/v2/pokemon/122/'}"
1281,https://pokeapi.co/api/v2/pokemon?offset=721&limit=560,,"{'name': 'scyther', 'url': 'https://pokeapi.co/api/v2/pokemon/123/'}"
1281,https://pokeapi.co/api/v2/pokemon?offset=721&limit=560,,"{'name': 'jynx', 'url': 'https://pokeapi.co/api/v2/pokemon/124/'}"
1281,https://pokeapi.co/api/v2/pokemon?offset=721&limit=560,,"{'name': 'electabuzz', 'url': 'https://pokeapi.co/api/v2/pokemon/125/'}"
1281,https://pokeapi.co/api/v2/pokemon?offset=721&limit=560,,"{'name': 'magmar', 'url': 'https://pokeapi.co/api/v2/pokemon/126/'}"
1281,https://pokeapi.co/api/v2/pokemon?offset=721&limit=560,,"{'name': 'pinsir', 'url': 'https://pokeapi.co/api/v2/pokemon/127/'}"
1281,https://pokeapi.co/api/v2/pokemon?offset=721&limit=560,,"{'name': 'tauros', 'url': 'https://pokeapi.co/api/v2/pokemon/128/'}"
1281,https://pokeapi.co/api/v2/pokemon?offset=721&limit=560,,"{'name': 'magikarp', 'url': 'https://pokeapi.co/api/v2/pokemon/129/'}"
1281,https://pokeapi.co/api/v2/pokemon?offset=721&limit=560,,"{'name': 'gyarados', 'url': 'https://pokeapi.co/api/v2/pokemon/130/'}"
1281,https://pokeapi.co/api/v2/pokemon?offset=721&limit=560,,"{'name': 'lapras', 'url': 'https://pokeapi.co/api/v2/pokemon/131/'}"
1281,https://pokeapi.co/api/v2/pokemon?offset=721&limit=560,,"{'name': 'ditto', 'url': 'https://pokeapi.co/api/v2/pokemon/132/'}"
1281,https://pokeapi.co/api/v2/pokemon?offset=721&limit=560,,"{'name': 'eevee', 'url': 'https://pokeapi.co/api/v2/pokemon/133/'}"
1281,https://pokeapi.co/api/v2/pokemon?offset=721&limit=560,,"{'name': 'vaporeon', 'url': 'https://pokeapi.co/api/v2/pokemon/134/'}"
1281,https://pokeapi.co/api/v2/pokemon?offset=721&limit=560,,"{'name': 'jolteon', 'url': 'https://pokeapi.co/api/v2/pokemon/135/'}"
1281,https://pokeapi.co/api/v2/pokemon?offset=721&limit=560,,"{'name': 'flareon', 'url': 'https://pokeapi.co/api/v2/pokemon/136/'}"
1281,https://pokeapi.co/api/v2/pokemon?offset=721&limit=560,,"{'name': 'porygon', 'url': 'https://pokeapi.co/api/v2/pokemon/137/'}"
1281,https://pokeapi.co/api/v2/pokemon?offset=721&limit=560,,"{'name': 'omanyte', 'url': 'https://pokeapi.co/api/v2/pokemon/138/'}"
1281,https://pokeapi.co/api/v2/pokemon?offset=721&limit=560,,"{'name': 'omastar', 'url': 'https://pokeapi.co/api/v2/pokemon/139/'}"
1281,https://pokeapi.co/api/v2/pokemon?offset=721&limit=560,,"{'name': 'kabuto', 'url': 'https://pokeapi.co/api/v2/pokemon/140/'}"
1281,https://pokeapi.co/api/v2/pokemon?offset=721&limit=560,,"{'name': 'kabutops', 'url': 'https://pokeapi.co/api/v2/pokemon/141/'}"
1281,https://pokeapi.co/api/v2/pokemon?offset=721&limit=560,,"{'name': 'aerodactyl', 'url': 'https://pokeapi.co/api/v2/pokemon/142/'}"
1281,https://pokeapi.co/api/v2/pokemon?offset=721&limit=560,,"{'name': 'snorlax', 'url': 'https://pokeapi.co/api/v2/pokemon/143/'}"
1281,https://pokeapi.co/api/v2/pokemon?offset=721&limit=560,,"{'name': 'articuno', 'url': 'https://pokeapi.co/api/v2/pokemon/144/'}"
1281,https://pokeapi.co/api/v2/pokemon?offset=721&limit=560,,"{'name': 'zapdos', 'url': 'https://pokeapi.co/api/v2/pokemon/145/'}"
1281,https://pokeapi.co/api/v2/pokemon?offset=721&limit=560,,"{'name': 'moltres', 'url': 'https://pokeapi.co/api/v2/pokemon/146/'}"
1281,https://pokeapi.co/api/v2/pokemon?offset=721&limit=560,,"{'name': 'dratini', 'url': 'https://pokeapi.co/api/v2/pokemon/147/'}"
1281,https://pokeapi.co/api/v2/pokemon?offset=721&limit=560,,"{'name': 'dragonair', 'url': 'https://pokeapi.co/api/v2/pokemon/148/'}"
1281,https://pokeapi.co/api/v2/pokemon?offset=721&limit=560,,"{'name': 'dragonite', 'url': 'https://pokeapi.co/api/v2/pokemon/149/'}"
1281,https://pokeapi.co/api/v2/pokemon?offset=721&limit=560,,"{'name': 'mewtwo', 'url': 'https://pokeapi.co/api/v2/pokemon/150/'}"
1281,https://pokeapi.co/api/v2/pokemon?offset=721&limit=560,,"{'name': 'mew', 'url': 'https://pokeapi.co/api/v2/pokemon/151/'}"
1281,https://pokeapi.co/api/v2/pokemon?offset=721&limit=560,,"{'name': 'chikorita', 'url': 'https://pokeapi.co/api/v2/pokemon/152/'}"
1281,https://pokeapi.co/api/v2/pokemon?offset=721&limit=560,,"{'name': 'bayleef', 'url': 'https://pokeapi.co/api/v2/pokemon/153/'}"
1281,https://pokeapi.co/api/v2/pokemon?offset=721&limit=560,,"{'name': 'meganium', 'url': 'https://pokeapi.co/api/v2/pokemon/154/'}"
1281,https://pokeapi.co/api/v2/pokemon?offset=721&limit=560,,"{'name': 'cyndaquil', 'url': 'https://pokeapi.co/api/v2/pokemon/155/'}"
1281,https://pokeapi.co/api/v2/pokemon?offset=721&limit=560,,"{'name': 'quilava', 'url': 'https://pokeapi.co/api/v2/pokemon/156/'}"
1281,https://pokeapi.co/api/v2/pokemon?offset=721&limit=560,,"{'name': 'typhlosion', 'url': 'https://pokeapi.co/api/v2/pokemon/157/'}"
1281,https://pokeapi.co/api/v2/pokemon?offset=721&limit=560,,"{'name': 'totodile', 'url': 'https://pokeapi.co/api/v2/pokemon/158/'}"
1281,https://pokeapi.co/api/v2/pokemon?offset=721&limit=560,,"{'name': 'croconaw', 'url': 'https://pokeapi.co/api/v2/pokemon/159/'}"
1281,https://pokeapi.co/api/v2/pokemon?offset=721&limit=560,,"{'name': 'feraligatr', 'url': 'https://pokeapi.co/api/v2/pokemon/160/'}"
1281,https://pokeapi.co/api/v2/pokemon?offset=721&limit=560,,"{'name': 'sentret', 'url': 'https://pokeapi.co/api/v2/pokemon/161/'}"
1281,https://pokeapi.co/api/v2/pokemon?offset=721&limit=560,,"{'name': 'furret', 'url': 'https://pokeapi.co/api/v2/pokemon/162/'}"
1281,https://pokeapi.co/api/v2/pokemon?offset=721&limit=560,,"{'name': 'hoothoot', 'url': 'https://pokeapi.co/api/v2/pokemon/163/'}"
1281,https://pokeapi.co/api/v2/pokemon?offset=721&limit=560,,"{'name': 'noctowl', 'url': 'https://pokeapi.co/api/v2/pokemon/164/'}"
1281,https://pokeapi.co/api/v2/pokemon?offset=721&limit=560,,"{'name': 'ledyba', 'url': 'https://pokeapi.co/api/v2/pokemon/165/'}"
1281,https://pokeapi.co/api/v2/pokemon?offset=721&limit=560,,"{'name': 'ledian', 'url': 'https://pokeapi.co/api/v2/pokemon/166/'}"
1281,https://pokeapi.co/api/v2/pokemon?offset=721&limit=560,,"{'name': 'spinarak', 'url': 'https://pokeapi.co/api/v2/pokemon/167/'}"
1281,https://pokeapi.co/api/v2/pokemon?offset=721&limit=560,,"{'name': 'ariados', 'url': 'https://pokeapi.co/api/v2/pokemon/168/'}"
1281,https://pokeapi.co/api/v2/pokemon?offset=721&limit=560,,"{'name': 'crobat', 'url': 'https://pokeapi.co/api/v2/pokemon/169/'}"
1281,https://pokeapi.co/api/v2/pokemon?offset=721&limit=560,,"{'name': 'chinchou', 'url': 'https://pokeapi.co/api/v2/pokemon/170/'}"
1281,https://pokeapi.co/api/v2/pokemon?offset=721&limit=560,,"{'name': 'lanturn', 'url': 'https://pokeapi.co/api/v2/pokemon/171/'}"
1281,https://pokeapi.co/api/v2/pokemon?offset=721&limit=560,,"{'name': 'pichu', 'url': 'https://pokeapi.co/api/v2/pokemon/172/'}"
1281,https://pokeapi.co/api/v2/pokemon?offset=721&limit=560,,"{'name': 'cleffa', 'url': 'https://pokeapi.co/api/v2/pokemon/173/'}"
1281,https://pokeapi.co/api/v2/pokemon?offset=721&limit=560,,"{'name': 'igglybuff', 'url': 'https://pokeapi.co/api/v2/pokemon/174/'}"
1281,https://pokeapi.co/api/v2/pokemon?offset=721&limit=560,,"{'name': 'togepi', 'url': 'https://pokeapi.co/api/v2/pokemon/175/'}"
1281,https://pokeapi.co/api/v2/pokemon?offset=721&limit=560,,"{'name': 'togetic', 'url': 'https://pokeapi.co/api/v2/pokemon/176/'}"
1281,https://pokeapi.co/api/v2/pokemon?offset=721&limit=560,,"{'name': 'natu', 'url': 'https://pokeapi.co/api/v2/pokemon/177/'}"
1281,https://pokeapi.co/api/v2/pokemon?offset=721&limit=560,,"{'name': 'xatu', 'url': 'https://pokeapi.co/api/v2/pokemon/178/'}"
1281,https://pokeapi.co/api/v2/pokemon?offset=721&limit=560,,"{'name': 'mareep', 'url': 'https://pokeapi.co/api/v2/pokemon/179/'}"
1281,https://pokeapi.co/api/v2/pokemon?offset=721&limit=560,,"{'name': 'flaaffy', 'url': 'https://pokeapi.co/api/v2/pokemon/180/'}"
1281,https://pokeapi.co/api/v2/pokemon?offset=721&limit=560,,"{'name': 'ampharos', 'url': 'https://pokeapi.co/api/v2/pokemon/181/'}"
1281,https://pokeapi.co/api/v2/pokemon?offset=721&limit=560,,"{'name': 'bellossom', 'url': 'https://pokeapi.co/api/v2/pokemon/182/'}"
1281,https://pokeapi.co/api/v2/pokemon?offset=721&limit=560,,"{'name': 'marill', 'url': 'https://pokeapi.co/api/v2/pokemon/183/'}"
1281,https://pokeapi.co/api/v2/pokemon?offset=721&limit=560,,"{'name': 'azumarill', 'url': 'https://pokeapi.co/api/v2/pokemon/184/'}"
1281,https://pokeapi.co/api/v2/pokemon?offset=721&limit=560,,"{'name': 'sudowoodo', 'url': 'https://pokeapi.co/api/v2/pokemon/185/'}"
1281,https://pokeapi.co/api/v2/pokemon?offset=721&limit=560,,"{'name': 'politoed', 'url': 'https://pokeapi.co/api/v2/pokemon/186/'}"
1281,https://pokeapi.co/api/v2/pokemon?offset=721&limit=560,,"{'name': 'hoppip', 'url': 'https://pokeapi.co/api/v2/pokemon/187/'}"
1281,https://pokeapi.co/api/v2/pokemon?offset=721&limit=560,,"{'name': 'skiploom', 'url': 'https://pokeapi.co/api/v2/pokemon/188/'}"
1281,https://pokeapi.co/api/v2/pokemon?offset=721&limit=560,,"{'name': 'jumpluff', 'url': 'https://pokeapi.co/api/v2/pokemon/189/'}"
1281,https://pokeapi.co/api/v2/pokemon?offset=721&limit=560,,"{'name': 'aipom', 'url': 'https://pokeapi.co/api/v2/pokemon/190/'}"
1281,https://pokeapi.co/api/v2/pokemon?offset=721&limit=560,,"{'name': 'sunkern', 'url': 'https://pokeapi.co/api/v2/pokemon/191/'}"
1281,https://pokeapi.co/api/v2/pokemon?offset=721&limit=560,,"{'name': 'sunflora', 'url': 'https://pokeapi.co/api/v2/pokemon/192/'}"
1281,https://pokeapi.co/api/v2/pokemon?offset=721&limit=560,,"{'name': 'yanma', 'url': 'https://pokeapi.co/api/v2/pokemon/193/'}"
1281,https://pokeapi.co/api/v2/pokemon?offset=721&limit=560,,"{'name': 'wooper', 'url': 'https://pokeapi.co/api/v2/pokemon/194/'}"
1281,https://pokeapi.co/api/v2/pokemon?offset=721&limit=560,,"{'name': 'quagsire', 'url': 'https://pokeapi.co/api/v2/pokemon/195/'}"
1281,https://pokeapi.co/api/v2/pokemon?offset=721&limit=560,,"{'name': 'espeon', 'url': 'https://pokeapi.co/api/v2/pokemon/196/'}"
1281,https://pokeapi.co/api/v2/pokemon?offset=721&limit=560,,"{'name': 'umbreon', 'url': 'https://pokeapi.co/api/v2/pokemon/197/'}"
1281,https://pokeapi.co/api/v2/pokemon?offset=721&limit=560,,"{'name': 'murkrow', 'url': 'https://pokeapi.co/api/v2/pokemon/198/'}"
1281,https://pokeapi.co/api/v2/pokemon?offset=721&limit=560,,"{'name': 'slowking', 'url': 'https://pokeapi.co/api/v2/pokemon/199/'}"
1281,https://pokeapi.co/api/v2/pokemon?offset=721&limit=560,,"{'name': 'misdreavus', 'url': 'https://pokeapi.co/api/v2/pokemon/200/'}"
1281,https://pokeapi.co/api/v2/pokemon?offset=721&limit=560,,"{'name': 'unown', 'url': 'https://pokeapi.co/api/v2/pokemon/201/'}"
1281,https://pokeapi.co/api/v2/pokemon?offset=721&limit=560,,"{'name': 'wobbuffet', 'url': 'https://pokeapi.co/api/v2/pokemon/202/'}"
1281,https://pokeapi.co/api/v2/pokemon?offset=721&limit=560,,"{'name': 'girafarig', 'url': 'https://pokeapi.co/api/v2/pokemon/203/'}"
1281,https://pokeapi.co/api/v2/pokemon?offset=721&limit=560,,"{'name': 'pineco', 'url': 'https://pokeapi.co/api/v2/pokemon/204/'}"
1281,https://pokeapi.co/api/v2/pokemon?offset=721&limit=560,,"{'name': 'forretress', 'url': 'https://pokeapi.co/api/v2/pokemon/205/'}"
1281,https://pokeapi.co/api/v2/pokemon?offset=721&limit=560,,"{'name': 'dunsparce', 'url': 'https://pokeapi.co/api/v2/pokemon/206/'}"
1281,https://pokeapi.co/api/v2/pokemon?offset=721&limit=560,,"{'name': 'gligar', 'url': 'https://pokeapi.co/api/v2/pokemon/207/'}"
1281,https://pokeapi.co/api/v2/pokemon?offset=721&limit=560,,"{'name': 'steelix', 'url': 'https://pokeapi.co/api/v2/pokemon/208/'}"
1281,https://pokeapi.co/api/v2/pokemon?offset=721&limit=560,,"{'name': 'snubbull', 'url': 'https://pokeapi.co/api/v2/pokemon/209/'}"
1281,https://pokeapi.co/api/v2/pokemon?offset=721&limit=560,,"{'name': 'granbull', 'url': 'https://pokeapi.co/api/v2/pokemon/210/'}"
1281,https://pokeapi.co/api/v2/pokemon?offset=721&limit=560,,"{'name': 'qwilfish', 'url': 'https://pokeapi.co/api/v2/pokemon/211/'}"
1281,https://pokeapi.co/api/v2/pokemon?offset=721&limit=560,,"{'name': 'scizor', 'url': 'https://pokeapi.co/api/v2/pokemon/212/'}"
1281,https://pokeapi.co/api/v2/pokemon?offset=721&limit=560,,"{'name': 'shuckle', 'url': 'https://pokeapi.co/api/v2/pokemon/213/'}"
1281,https://pokeapi.co/api/v2/pokemon?offset=721&limit=560,,"{'name': 'heracross', 'url': 'https://pokeapi.co/api/v2/pokemon/214/'}"
1281,https://pokeapi.co/api/v2/pokemon?offset=721&limit=560,,"{'name': 'sneasel', 'url': 'https://pokeapi.co/api/v2/pokemon/215/'}"
1281,https://pokeapi.co/api/v2/pokemon?offset=721&limit=560,,"{'name': 'teddiursa', 'url': 'https://pokeapi.co/api/v2/pokemon/216/'}"
1281,https://pokeapi.co/api/v2/pokemon?offset=721&limit=560,,"{'name': 'ursaring', 'url': 'https://pokeapi.co/api/v2/pokemon/217/'}"
1281,https://pokeapi.co/api/v2/pokemon?offset=721&limit=560,,"{'name': 'slugma', 'url': 'https://pokeapi.co/api/v2/pokemon/218/'}"
1281,https://pokeapi.co/api/v2/pokemon?offset=721&limit=560,,"{'name': 'magcargo', 'url': 'https://pokeapi.co/api/v2/pokemon/219/'}"
1281,https://pokeapi.co/api/v2/pokemon?offset=721&limit=560,,"{'name': 'swinub', 'url': 'https://pokeapi.co/api/v2/pokemon/220/'}"
1281,https://pokeapi.co/api/v2/pokemon?offset=721&limit=560,,"{'name': 'piloswine', 'url': 'https://pokeapi.co/api/v2/pokemon/221/'}"
1281,https://pokeapi.co/api/v2/pokemon?offset=721&limit=560,,"{'name': 'corsola', 'url': 'https://pokeapi.co/api/v2/pokemon/222/'}"
1281,https://pokeapi.co/api/v2/pokemon?offset=721&limit=560,,"{'name': 'remoraid', 'url': 'https://pokeapi.co/api/v2/pokemon/223/'}"
1281,https://pokeapi.co/api/v2/pokemon?offset=721&limit=560,,"{'name': 'octillery', 'url': 'https://pokeapi.co/api/v2/pokemon/224/'}"
1281,https://pokeapi.co/api/v2/pokemon?offset=721&limit=560,,"{'name': 'delibird', 'url': 'https://pokeapi.co/api/v2/pokemon/225/'}"
1281,https://pokeapi.co/api/v2/pokemon?offset=721&limit=560,,"{'name': 'mantine', 'url': 'https://pokeapi.co/api/v2/pokemon/226/'}"
1281,https://pokeapi.co/api/v2/pokemon?offset=721&limit=560,,"{'name': 'skarmory', 'url': 'https://pokeapi.co/api/v2/pokemon/227/'}"
1281,https://pokeapi.co/api/v2/pokemon?offset=721&limit=560,,"{'name': 'houndour', 'url': 'https://pokeapi.co/api/v2/pokemon/228/'}"
1281,https://pokeapi.co/api/v2/pokemon?offset=721&limit=560,,"{'name': 'houndoom', 'url': 'https://pokeapi.co/api/v2/pokemon/229/'}"
1281,https://pokeapi.co/api/v2/pokemon?offset=721&limit=560,,"{'name': 'kingdra', 'url': 'https://pokeapi.co/api/v2/pokemon/230/'}"
1281,https://pokeapi.co/api/v2/pokemon?offset=721&limit=560,,"{'name': 'phanpy', 'url': 'https://pokeapi.co/api/v2/pokemon/231/'}"
1281,https://pokeapi.co/api/v2/pokemon?offset=721&limit=560,,"{'name': 'donphan', 'url': 'https://pokeapi.co/api/v2/pokemon/232/'}"
1281,https://pokeapi.co/api/v2/pokemon?offset=721&limit=560,,"{'name': 'porygon2', 'url': 'https://pokeapi.co/api/v2/pokemon/233/'}"
1281,https://pokeapi.co/api/v2/pokemon?offset=721&limit=560,,"{'name': 'stantler', 'url': 'https://pokeapi.co/api/v2/pokemon/234/'}"
1281,https://pokeapi.co/api/v2/pokemon?offset=721&limit=560,,"{'name': 'smeargle', 'url': 'https://pokeapi.co/api/v2/pokemon/235/'}"
1281,https://pokeapi.co/api/v2/pokemon?offset=721&limit=560,,"{'name': 'tyrogue', 'url': 'https://pokeapi.co/api/v2/pokemon/236/'}"
1281,https://pokeapi.co/api/v2/pokemon?offset=721&limit=560,,"{'name': 'hitmontop', 'url': 'https://pokeapi.co/api/v2/pokemon/237/'}"
1281,https://pokeapi.co/api/v2/pokemon?offset=721&limit=560,,"{'name': 'smoochum', 'url': 'https://pokeapi.co/api/v2/pokemon/238/'}"
1281,https://pokeapi.co/api/v2/pokemon?offset=721&limit=560,,"{'name': 'elekid', 'url': 'https://pokeapi.co/api/v2/pokemon/239/'}"
1281,https://pokeapi.co/api/v2/pokemon?offset=721&limit=560,,"{'name': 'magby', 'url': 'https://pokeapi.co/api/v2/pokemon/240/'}"
1281,https://pokeapi.co/api/v2/pokemon?offset=721&limit=560,,"{'name': 'miltank', 'url': 'https://pokeapi.co/api/v2/pokemon/241/'}"
1281,https://pokeapi.co/api/v2/pokemon?offset=721&limit=560,,"{'name': 'blissey', 'url': 'https://pokeapi.co/api/v2/pokemon/242/'}"
1281,https://pokeapi.co/api/v2/pokemon?offset=721&limit=560,,"{'name': 'raikou', 'url': 'https://pokeapi.co/api/v2/pokemon/243/'}"
1281,https://pokeapi.co/api/v2/pokemon?offset=721&limit=560,,"{'name': 'entei', 'url': 'https://pokeapi.co/api/v2/pokemon/244/'}"
1281,https://pokeapi.co/api/v2/pokemon?offset=721&limit=560,,"{'name': 'suicune', 'url': 'https://pokeapi.co/api/v2/pokemon/245/'}"
1281,https://pokeapi.co/api/v2/pokemon?offset=721&limit=560,,"{'name': 'larvitar', 'url': 'https://pokeapi.co/api/v2/pokemon/246/'}"
1281,https://pokeapi.co/api/v2/pokemon?offset=721&limit=560,,"{'name': 'pupitar', 'url': 'https://pokeapi.co/api/v2/pokemon/247/'}"
1281,https://pokeapi.co/api/v2/pokemon?offset=721&limit=560,,"{'name': 'tyranitar', 'url': 'https://pokeapi.co/api/v2/pokemon/248/'}"
1281,https://pokeapi.co/api/v2/pokemon?offset=721&limit=560,,"{'name': 'lugia', 'url': 'https://pokeapi.co/api/v2/pokemon/249/'}"
1281,https://pokeapi.co/api/v2/pokemon?offset=721&limit=560,,"{'name': 'ho-oh', 'url': 'https://pokeapi.co/api/v2/pokemon/250/'}"
1281,https://pokeapi.co/api/v2/pokemon?offset=721&limit=560,,"{'name': 'celebi', 'url': 'https://pokeapi.co/api/v2/pokemon/251/'}"
1281,https://pokeapi.co/api/v2/pokemon?offset=721&limit=560,,"{'name': 'treecko', 'url': 'https://pokeapi.co/api/v2/pokemon/252/'}"
1281,https://pokeapi.co/api/v2/pokemon?offset=721&limit=560,,"{'name': 'grovyle', 'url': 'https://pokeapi.co/api/v2/pokemon/253/'}"
1281,https://pokeapi.co/api/v2/pokemon?offset=721&limit=560,,"{'name': 'sceptile', 'url': 'https://pokeapi.co/api/v2/pokemon/254/'}"
1281,https://pokeapi.co/api/v2/pokemon?offset=721&limit=560,,"{'name': 'torchic', 'url': 'https://pokeapi.co/api/v2/pokemon/255/'}"
1281,https://pokeapi.co/api/v2/pokemon?offset=721&limit=560,,"{'name': 'combusken', 'url': 'https://pokeapi.co/api/v2/pokemon/256/'}"
1281,https://pokeapi.co/api/v2/pokemon?offset=721&limit=560,,"{'name': 'blaziken', 'url': 'https://pokeapi.co/api/v2/pokemon/257/'}"
1281,https://pokeapi.co/api/v2/pokemon?offset=721&limit=560,,"{'name': 'mudkip', 'url': 'https://pokeapi.co/api/v2/pokemon/258/'}"
1281,https://pokeapi.co/api/v2/pokemon?offset=721&limit=560,,"{'name': 'marshtomp', 'url': 'https://pokeapi.co/api/v2/pokemon/259/'}"
1281,https://pokeapi.co/api/v2/pokemon?offset=721&limit=560,,"{'name': 'swampert', 'url': 'https://pokeapi.co/api/v2/pokemon/260/'}"
1281,https://pokeapi.co/api/v2/pokemon?offset=721&limit=560,,"{'name': 'poochyena', 'url': 'https://pokeapi.co/api/v2/pokemon/261/'}"
1281,https://pokeapi.co/api/v2/pokemon?offset=721&limit=560,,"{'name': 'mightyena', 'url': 'https://pokeapi.co/api/v2/pokemon/262/'}"
1281,https://pokeapi.co/api/v2/pokemon?offset=721&limit=560,,"{'name': 'zigzagoon', 'url': 'https://pokeapi.co/api/v2/pokemon/263/'}"
1281,https://pokeapi.co/api/v2/pokemon?offset=721&limit=560,,"{'name': 'linoone', 'url': 'https://pokeapi.co/api/v2/pokemon/264/'}"
1281,https://pokeapi.co/api/v2/pokemon?offset=721&limit=560,,"{'name': 'wurmple', 'url': 'https://pokeapi.co/api/v2/pokemon/265/'}"
1281,https://pokeapi.co/api/v2/pokemon?offset=721&limit=560,,"{'name': 'silcoon', 'url': 'https://pokeapi.co/api/v2/pokemon/266/'}"
1281,https://pokeapi.co/api/v2/pokemon?offset=721&limit=560,,"{'name': 'beautifly', 'url': 'https://pokeapi.co/api/v2/pokemon/267/'}"
1281,https://pokeapi.co/api/v2/pokemon?offset=721&limit=560,,"{'name': 'cascoon', 'url': 'https://pokeapi.co/api/v2/pokemon/268/'}"
1281,https://pokeapi.co/api/v2/pokemon?offset=721&limit=560,,"{'name': 'dustox', 'url': 'https://pokeapi.co/api/v2/pokemon/269/'}"
1281,https://pokeapi.co/api/v2/pokemon?offset=721&limit=560,,"{'name': 'lotad', 'url': 'https://pokeapi.co/api/v2/pokemon/270/'}"
1281,https://pokeapi.co/api/v2/pokemon?offset=721&limit=560,,"{'name': 'lombre', 'url': 'https://pokeapi.co/api/v2/pokemon/271/'}"
1281,https://pokeapi.co/api/v2/pokemon?offset=721&limit=560,,"{'name': 'ludicolo', 'url': 'https://pokeapi.co/api/v2/pokemon/272/'}"
1281,https://pokeapi.co/api/v2/pokemon?offset=721&limit=560,,"{'name': 'seedot', 'url': 'https://pokeapi.co/api/v2/pokemon/273/'}"
1281,https://pokeapi.co/api/v2/pokemon?offset=721&limit=560,,"{'name': 'nuzleaf', 'url': 'https://pokeapi.co/api/v2/pokemon/274/'}"
1281,https://pokeapi.co/api/v2/pokemon?offset=721&limit=560,,"{'name': 'shiftry', 'url': 'https://pokeapi.co/api/v2/pokemon/275/'}"
1281,https://pokeapi.co/api/v2/pokemon?offset=721&limit=560,,"{'name': 'taillow', 'url': 'https://pokeapi.co/api/v2/pokemon/276/'}"
1281,https://pokeapi.co/api/v2/pokemon?offset=721&limit=560,,"{'name': 'swellow', 'url': 'https://pokeapi.co/api/v2/pokemon/277/'}"
1281,https://pokeapi.co/api/v2/pokemon?offset=721&limit=560,,"{'name': 'wingull', 'url': 'https://pokeapi.co/api/v2/pokemon/278/'}"
1281,https://pokeapi.co/api/v2/pokemon?offset=721&limit=560,,"{'name': 'pelipper', 'url': 'https://pokeapi.co/api/v2/pokemon/279/'}"
1281,https://pokeapi.co/api/v2/pokemon?offset=721&limit=560,,"{'name': 'ralts', 'url': 'https://pokeapi.co/api/v2/pokemon/280/'}"
1281,https://pokeapi.co/api/v2/pokemon?offset=721&limit=560,,"{'name': 'kirlia', 'url': 'https://pokeapi.co/api/v2/pokemon/281/'}"
1281,https://pokeapi.co/api/v2/pokemon?offset=721&limit=560,,"{'name': 'gardevoir', 'url': 'https://pokeapi.co/api/v2/pokemon/282/'}"
1281,https://pokeapi.co/api/v2/pokemon?offset=721&limit=560,,"{'name': 'surskit', 'url': 'https://pokeapi.co/api/v2/pokemon/283/'}"
1281,https://pokeapi.co/api/v2/pokemon?offset=721&limit=560,,"{'name': 'masquerain', 'url': 'https://pokeapi.co/api/v2/pokemon/284/'}"
1281,https://pokeapi.co/api/v2/pokemon?offset=721&limit=560,,"{'name': 'shroomish', 'url': 'https://pokeapi.co/api/v2/pokemon/285/'}"
1281,https://pokeapi.co/api/v2/pokemon?offset=721&limit=560,,"{'name': 'breloom', 'url': 'https://pokeapi.co/api/v2/pokemon/286/'}"
1281,https://pokeapi.co/api/v2/pokemon?offset=721&limit=560,,"{'name': 'slakoth', 'url': 'https://pokeapi.co/api/v2/pokemon/287/'}"
1281,https://pokeapi.co/api/v2/pokemon?offset=721&limit=560,,"{'name': 'vigoroth', 'url': 'https://pokeapi.co/api/v2/pokemon/288/'}"
1281,https://pokeapi.co/api/v2/pokemon?offset=721&limit=560,,"{'name': 'slaking', 'url': 'https://pokeapi.co/api/v2/pokemon/289/'}"
1281,https://pokeapi.co/api/v2/pokemon?offset=721&limit=560,,"{'name': 'nincada', 'url': 'https://pokeapi.co/api/v2/pokemon/290/'}"
1281,https://pokeapi.co/api/v2/pokemon?offset=721&limit=560,,"{'name': 'ninjask', 'url': 'https://pokeapi.co/api/v2/pokemon/291/'}"
1281,https://pokeapi.co/api/v2/pokemon?offset=721&limit=560,,"{'name': 'shedinja', 'url': 'https://pokeapi.co/api/v2/pokemon/292/'}"
1281,https://pokeapi.co/api/v2/pokemon?offset=721&limit=560,,"{'name': 'whismur', 'url': 'https://pokeapi.co/api/v2/pokemon/293/'}"
1281,https://pokeapi.co/api/v2/pokemon?offset=721&limit=560,,"{'name': 'loudred', 'url': 'https://pokeapi.co/api/v2/pokemon/294/'}"
1281,https://pokeapi.co/api/v2/pokemon?offset=721&limit=560,,"{'name': 'exploud', 'url': 'https://pokeapi.co/api/v2/pokemon/295/'}"
1281,https://pokeapi.co/api/v2/pokemon?offset=721&limit=560,,"{'name': 'makuhita', 'url': 'https://pokeapi.co/api/v2/pokemon/296/'}"
1281,https://pokeapi.co/api/v2/pokemon?offset=721&limit=560,,"{'name': 'hariyama', 'url': 'https://pokeapi.co/api/v2/pokemon/297/'}"
1281,https://pokeapi.co/api/v2/pokemon?offset=721&limit=560,,"{'name': 'azurill', 'url': 'https://pokeapi.co/api/v2/pokemon/298/'}"
1281,https://pokeapi.co/api/v2/pokemon?offset=721&limit=560,,"{'name': 'nosepass', 'url': 'https://pokeapi.co/api/v2/pokemon/299/'}"
1281,https://pokeapi.co/api/v2/pokemon?offset=721&limit=560,,"{'name': 'skitty', 'url': 'https://pokeapi.co/api/v2/pokemon/300/'}"
1281,https://pokeapi.co/api/v2/pokemon?offset=721&limit=560,,"{'name': 'delcatty', 'url': 'https://pokeapi.co/api/v2/pokemon/301/'}"
1281,https://pokeapi.co/api/v2/pokemon?offset=721&limit=560,,"{'name': 'sableye', 'url': 'https://pokeapi.co/api/v2/pokemon/302/'}"
1281,https://pokeapi.co/api/v2/pokemon?offset=721&limit=560,,"{'name': 'mawile', 'url': 'https://pokeapi.co/api/v2/pokemon/303/'}"
1281,https://pokeapi.co/api/v2/pokemon?offset=721&limit=560,,"{'name': 'aron', 'url': 'https://pokeapi.co/api/v2/pokemon/304/'}"
1281,https://pokeapi.co/api/v2/pokemon?offset=721&limit=560,,"{'name': 'lairon', 'url': 'https://pokeapi.co/api/v2/pokemon/305/'}"
1281,https://pokeapi.co/api/v2/pokemon?offset=721&limit=560,,"{'name': 'aggron', 'url': 'https://pokeapi.co/api/v2/pokemon/306/'}"
1281,https://pokeapi.co/api/v2/pokemon?offset=721&limit=560,,"{'name': 'meditite', 'url': 'https://pokeapi.co/api/v2/pokemon/307/'}"
1281,https://pokeapi.co/api/v2/pokemon?offset=721&limit=560,,"{'name': 'medicham', 'url': 'https://pokeapi.co/api/v2/pokemon/308/'}"
1281,https://pokeapi.co/api/v2/pokemon?offset=721&limit=560,,"{'name': 'electrike', 'url': 'https://pokeapi.co/api/v2/pokemon/309/'}"
1281,https://pokeapi.co/api/v2/pokemon?offset=721&limit=560,,"{'name': 'manectric', 'url': 'https://pokeapi.co/api/v2/pokemon/310/'}"
1281,https://pokeapi.co/api/v2/pokemon?offset=721&limit=560,,"{'name': 'plusle', 'url': 'https://pokeapi.co/api/v2/pokemon/311/'}"
1281,https://pokeapi.co/api/v2/pokemon?offset=721&limit=560,,"{'name': 'minun', 'url': 'https://pokeapi.co/api/v2/pokemon/312/'}"
1281,https://pokeapi.co/api/v2/pokemon?offset=721&limit=560,,"{'name': 'volbeat', 'url': 'https://pokeapi.co/api/v2/pokemon/313/'}"
1281,https://pokeapi.co/api/v2/pokemon?offset=721&limit=560,,"{'name': 'illumise', 'url': 'https://pokeapi.co/api/v2/pokemon/314/'}"
1281,https://pokeapi.co/api/v2/pokemon?offset=721&limit=560,,"{'name': 'roselia', 'url': 'https://pokeapi.co/api/v2/pokemon/315/'}"
1281,https://pokeapi.co/api/v2/pokemon?offset=721&limit=560,,"{'name': 'gulpin', 'url': 'https://pokeapi.co/api/v2/pokemon/316/'}"
1281,https://pokeapi.co/api/v2/pokemon?offset=721&limit=560,,"{'name': 'swalot', 'url': 'https://pokeapi.co/api/v2/pokemon/317/'}"
1281,https://pokeapi.co/api/v2/pokemon?offset=721&limit=560,,"{'name': 'carvanha', 'url': 'https://pokeapi.co/api/v2/pokemon/318/'}"
1281,https://pokeapi.co/api/v2/pokemon?offset=721&limit=560,,"{'name': 'sharpedo', 'url': 'https://pokeapi.co/api/v2/pokemon/319/'}"
1281,https://pokeapi.co/api/v2/pokemon?offset=721&limit=560,,"{'name': 'wailmer', 'url': 'https://pokeapi.co/api/v2/pokemon/320/'}"
1281,https://pokeapi.co/api/v2/pokemon?offset=721&limit=560,,"{'name': 'wailord', 'url': 'https://pokeapi.co/api/v2/pokemon/321/'}"
1281,https://pokeapi.co/api/v2/pokemon?offset=721&limit=560,,"{'name': 'numel', 'url': 'https://pokeapi.co/api/v2/pokemon/322/'}"
1281,https://pokeapi.co/api/v2/pokemon?offset=721&limit=560,,"{'name': 'camerupt', 'url': 'https://pokeapi.co/api/v2/pokemon/323/'}"
1281,https://pokeapi.co/api/v2/pokemon?offset=721&limit=560,,"{'name': 'torkoal', 'url': 'https://pokeapi.co/api/v2/pokemon/324/'}"
1281,https://pokeapi.co/api/v2/pokemon?offset=721&limit=560,,"{'name': 'spoink', 'url': 'https://pokeapi.co/api/v2/pokemon/325/'}"
1281,https://pokeapi.co/api/v2/pokemon?offset=721&limit=560,,"{'name': 'grumpig', 'url': 'https://pokeapi.co/api/v2/pokemon/326/'}"
1281,https://pokeapi.co/api/v2/pokemon?offset=721&limit=560,,"{'name': 'spinda', 'url': 'https://pokeapi.co/api/v2/pokemon/327/'}"
1281,https://pokeapi.co/api/v2/pokemon?offset=721&limit=560,,"{'name': 'trapinch', 'url': 'https://pokeapi.co/api/v2/pokemon/328/'}"
1281,https://pokeapi.co/api/v2/pokemon?offset=721&limit=560,,"{'name': 'vibrava', 'url': 'https://pokeapi.co/api/v2/pokemon/329/'}"
1281,https://pokeapi.co/api/v2/pokemon?offset=721&limit=560,,"{'name': 'flygon', 'url': 'https://pokeapi.co/api/v2/pokemon/330/'}"
1281,https://pokeapi.co/api/v2/pokemon?offset=721&limit=560,,"{'name': 'cacnea', 'url': 'https://pokeapi.co/api/v2/pokemon/331/'}"
1281,https://pokeapi.co/api/v2/pokemon?offset=721&limit=560,,"{'name': 'cacturne', 'url': 'https://pokeapi.co/api/v2/pokemon/332/'}"
1281,https://pokeapi.co/api/v2/pokemon?offset=721&limit=560,,"{'name': 'swablu', 'url': 'https://pokeapi.co/api/v2/pokemon/333/'}"
1281,https://pokeapi.co/api/v2/pokemon?offset=721&limit=560,,"{'name': 'altaria', 'url': 'https://pokeapi.co/api/v2/pokemon/334/'}"
1281,https://pokeapi.co/api/v2/pokemon?offset=721&limit=560,,"{'name': 'zangoose', 'url': 'https://pokeapi.co/api/v2/pokemon/335/'}"
1281,https://pokeapi.co/api/v2/pokemon?offset=721&limit=560,,"{'name': 'seviper', 'url': 'https://pokeapi.co/api/v2/pokemon/336/'}"
1281,https://pokeapi.co/api/v2/pokemon?offset=721&limit=560,,"{'name': 'lunatone', 'url': 'https://pokeapi.co/api/v2/pokemon/337/'}"
1281,https://pokeapi.co/api/v2/pokemon?offset=721&limit=560,,"{'name': 'solrock', 'url': 'https://pokeapi.co/api/v2/pokemon/338/'}"
1281,https://pokeapi.co/api/v2/pokemon?offset=721&limit=560,,"{'name': 'barboach', 'url': 'https://pokeapi.co/api/v2/pokemon/339/'}"
1281,https://pokeapi.co/api/v2/pokemon?offset=721&limit=560,,"{'name': 'whiscash', 'url': 'https://pokeapi.co/api/v2/pokemon/340/'}"
1281,https://pokeapi.co/api/v2/pokemon?offset=721&limit=560,,"{'name': 'corphish', 'url': 'https://pokeapi.co/api/v2/pokemon/341/'}"
1281,https://pokeapi.co/api/v2/pokemon?offset=721&limit=560,,"{'name': 'crawdaunt', 'url': 'https://pokeapi.co/api/v2/pokemon/342/'}"
1281,https://pokeapi.co/api/v2/pokemon?offset=721&limit=560,,"{'name': 'baltoy', 'url': 'https://pokeapi.co/api/v2/pokemon/343/'}"
1281,https://pokeapi.co/api/v2/pokemon?offset=721&limit=560,,"{'name': 'claydol', 'url': 'https://pokeapi.co/api/v2/pokemon/344/'}"
1281,https://pokeapi.co/api/v2/pokemon?offset=721&limit=560,,"{'name': 'lileep', 'url': 'https://pokeapi.co/api/v2/pokemon/345/'}"
1281,https://pokeapi.co/api/v2/pokemon?offset=721&limit=560,,"{'name': 'cradily', 'url': 'https://pokeapi.co/api/v2/pokemon/346/'}"
1281,https://pokeapi.co/api/v2/pokemon?offset=721&limit=560,,"{'name': 'anorith', 'url': 'https://pokeapi.co/api/v2/pokemon/347/'}"
1281,https://pokeapi.co/api/v2/pokemon?offset=721&limit=560,,"{'name': 'armaldo', 'url': 'https://pokeapi.co/api/v2/pokemon/348/'}"
1281,https://pokeapi.co/api/v2/pokemon?offset=721&limit=560,,"{'name': 'feebas', 'url': 'https://pokeapi.co/api/v2/pokemon/349/'}"
1281,https://pokeapi.co/api/v2/pokemon?offset=721&limit=560,,"{'name': 'milotic', 'url': 'https://pokeapi.co/api/v2/pokemon/350/'}"
1281,https://pokeapi.co/api/v2/pokemon?offset=721&limit=560,,"{'name': 'castform', 'url': 'https://pokeapi.co/api/v2/pokemon/351/'}"
1281,https://pokeapi.co/api/v2/pokemon?offset=721&limit=560,,"{'name': 'kecleon', 'url': 'https://pokeapi.co/api/v2/pokemon/352/'}"
1281,https://pokeapi.co/api/v2/pokemon?offset=721&limit=560,,"{'name': 'shuppet', 'url': 'https://pokeapi.co/api/v2/pokemon/353/'}"
1281,https://pokeapi.co/api/v2/pokemon?offset=721&limit=560,,"{'name': 'banette', 'url': 'https://pokeapi.co/api/v2/pokemon/354/'}"
1281,https://pokeapi.co/api/v2/pokemon?offset=721&limit=560,,"{'name': 'duskull', 'url': 'https://pokeapi.co/api/v2/pokemon/355/'}"
1281,https://pokeapi.co/api/v2/pokemon?offset=721&limit=560,,"{'name': 'dusclops', 'url': 'https://pokeapi.co/api/v2/pokemon/356/'}"
1281,https://pokeapi.co/api/v2/pokemon?offset=721&limit=560,,"{'name': 'tropius', 'url': 'https://pokeapi.co/api/v2/pokemon/357/'}"
1281,https://pokeapi.co/api/v2/pokemon?offset=721&limit=560,,"{'name': 'chimecho', 'url': 'https://pokeapi.co/api/v2/pokemon/358/'}"
1281,https://pokeapi.co/api/v2/pokemon?offset=721&limit=560,,"{'name': 'absol', 'url': 'https://pokeapi.co/api/v2/pokemon/359/'}"
1281,https://pokeapi.co/api/v2/pokemon?offset=721&limit=560,,"{'name': 'wynaut', 'url': 'https://pokeapi.co/api/v2/pokemon/360/'}"
1281,https://pokeapi.co/api/v2/pokemon?offset=721&limit=560,,"{'name': 'snorunt', 'url': 'https://pokeapi.co/api/v2/pokemon/361/'}"
1281,https://pokeapi.co/api/v2/pokemon?offset=721&limit=560,,"{'name': 'glalie', 'url': 'https://pokeapi.co/api/v2/pokemon/362/'}"
1281,https://pokeapi.co/api/v2/pokemon?offset=721&limit=560,,"{'name': 'spheal', 'url': 'https://pokeapi.co/api/v2/pokemon/363/'}"
1281,https://pokeapi.co/api/v2/pokemon?offset=721&limit=560,,"{'name': 'sealeo', 'url': 'https://pokeapi.co/api/v2/pokemon/364/'}"
1281,https://pokeapi.co/api/v2/pokemon?offset=721&limit=560,,"{'name': 'walrein', 'url': 'https://pokeapi.co/api/v2/pokemon/365/'}"
1281,https://pokeapi.co/api/v2/pokemon?offset=721&limit=560,,"{'name': 'clamperl', 'url': 'https://pokeapi.co/api/v2/pokemon/366/'}"
1281,https://pokeapi.co/api/v2/pokemon?offset=721&limit=560,,"{'name': 'huntail', 'url': 'https://pokeapi.co/api/v2/pokemon/367/'}"
1281,https://pokeapi.co/api/v2/pokemon?offset=721&limit=560,,"{'name': 'gorebyss', 'url': 'https://pokeapi.co/api/v2/pokemon/368/'}"
1281,https://pokeapi.co/api/v2/pokemon?offset=721&limit=560,,"{'name': 'relicanth', 'url': 'https://pokeapi.co/api/v2/pokemon/369/'}"
1281,https://pokeapi.co/api/v2/pokemon?offset=721&limit=560,,"{'name': 'luvdisc', 'url': 'https://pokeapi.co/api/v2/pokemon/370/'}"
1281,https://pokeapi.co/api/v2/pokemon?offset=721&limit=560,,"{'name': 'bagon', 'url': 'https://pokeapi.co/api/v2/pokemon/371/'}"
1281,https://pokeapi.co/api/v2/pokemon?offset=721&limit=560,,"{'name': 'shelgon', 'url': 'https://pokeapi.co/api/v2/pokemon/372/'}"
1281,https://pokeapi.co/api/v2/pokemon?offset=721&limit=560,,"{'name': 'salamence', 'url': 'https://pokeapi.co/api/v2/pokemon/373/'}"
1281,https://pokeapi.co/api/v2/pokemon?offset=721&limit=560,,"{'name': 'beldum', 'url': 'https://pokeapi.co/api/v2/pokemon/374/'}"
1281,https://pokeapi.co/api/v2/pokemon?offset=721&limit=560,,"{'name': 'metang', 'url': 'https://pokeapi.co/api/v2/pokemon/375/'}"
1281,https://pokeapi.co/api/v2/pokemon?offset=721&limit=560,,"{'name': 'metagross', 'url': 'https://pokeapi.co/api/v2/pokemon/376/'}"
1281,https://pokeapi.co/api/v2/pokemon?offset=721&limit=560,,"{'name': 'regirock', 'url': 'https://pokeapi.co/api/v2/pokemon/377/'}"
1281,https://pokeapi.co/api/v2/pokemon?offset=721&limit=560,,"{'name': 'regice', 'url': 'https://pokeapi.co/api/v2/pokemon/378/'}"
1281,https://pokeapi.co/api/v2/pokemon?offset=721&limit=560,,"{'name': 'registeel', 'url': 'https://pokeapi.co/api/v2/pokemon/379/'}"
1281,https://pokeapi.co/api/v2/pokemon?offset=721&limit=560,,"{'name': 'latias', 'url': 'https://pokeapi.co/api/v2/pokemon/380/'}"
1281,https://pokeapi.co/api/v2/pokemon?offset=721&limit=560,,"{'name': 'latios', 'url': 'https://pokeapi.co/api/v2/pokemon/381/'}"
1281,https://pokeapi.co/api/v2/pokemon?offset=721&limit=560,,"{'name': 'kyogre', 'url': 'https://pokeapi.co/api/v2/pokemon/382/'}"
1281,https://pokeapi.co/api/v2/pokemon?offset=721&limit=560,,"{'name': 'groudon', 'url': 'https://pokeapi.co/api/v2/pokemon/383/'}"
1281,https://pokeapi.co/api/v2/pokemon?offset=721&limit=560,,"{'name': 'rayquaza', 'url': 'https://pokeapi.co/api/v2/pokemon/384/'}"
1281,https://pokeapi.co/api/v2/pokemon?offset=721&limit=560,,"{'name': 'jirachi', 'url': 'https://pokeapi.co/api/v2/pokemon/385/'}"
1281,https://pokeapi.co/api/v2/pokemon?offset=721&limit=560,,"{'name': 'deoxys-normal', 'url': 'https://pokeapi.co/api/v2/pokemon/386/'}"
1281,https://pokeapi.co/api/v2/pokemon?offset=721&limit=560,,"{'name': 'turtwig', 'url': 'https://pokeapi.co/api/v2/pokemon/387/'}"
1281,https://pokeapi.co/api/v2/pokemon?offset=721&limit=560,,"{'name': 'grotle', 'url': 'https://pokeapi.co/api/v2/pokemon/388/'}"
1281,https://pokeapi.co/api/v2/pokemon?offset=721&limit=560,,"{'name': 'torterra', 'url': 'https://pokeapi.co/api/v2/pokemon/389/'}"
1281,https://pokeapi.co/api/v2/pokemon?offset=721&limit=560,,"{'name': 'chimchar', 'url': 'https://pokeapi.co/api/v2/pokemon/390/'}"
1281,https://pokeapi.co/api/v2/pokemon?offset=721&limit=560,,"{'name': 'monferno', 'url': 'https://pokeapi.co/api/v2/pokemon/391/'}"
1281,https://pokeapi.co/api/v2/pokemon?offset=721&limit=560,,"{'name': 'infernape', 'url': 'https://pokeapi.co/api/v2/pokemon/392/'}"
1281,https://pokeapi.co/api/v2/pokemon?offset=721&limit=560,,"{'name': 'piplup', 'url': 'https://pokeapi.co/api/v2/pokemon/393/'}"
1281,https://pokeapi.co/api/v2/pokemon?offset=721&limit=560,,"{'name': 'prinplup', 'url': 'https://pokeapi.co/api/v2/pokemon/394/'}"
1281,https://pokeapi.co/api/v2/pokemon?offset=721&limit=560,,"{'name': 'empoleon', 'url': 'https://pokeapi.co/api/v2/pokemon/395/'}"
1281,https://pokeapi.co/api/v2/pokemon?offset=721&limit=560,,"{'name': 'starly', 'url': 'https://pokeapi.co/api/v2/pokemon/396/'}"
1281,https://pokeapi.co/api/v2/pokemon?offset=721&limit=560,,"{'name': 'staravia', 'url': 'https://pokeapi.co/api/v2/pokemon/397/'}"
1281,https://pokeapi.co/api/v2/pokemon?offset=721&limit=560,,"{'name': 'staraptor', 'url': 'https://pokeapi.co/api/v2/pokemon/398/'}"
1281,https://pokeapi.co/api/v2/pokemon?offset=721&limit=560,,"{'name': 'bidoof', 'url': 'https://pokeapi.co/api/v2/pokemon/399/'}"
1281,https://pokeapi.co/api/v2/pokemon?offset=721&limit=560,,"{'name': 'bibarel', 'url': 'https://pokeapi.co/api/v2/pokemon/400/'}"
1281,https://pokeapi.co/api/v2/pokemon?offset=721&limit=560,,"{'name': 'kricketot', 'url': 'https://pokeapi.co/api/v2/pokemon/401/'}"
1281,https://pokeapi.co/api/v2/pokemon?offset=721&limit=560,,"{'name': 'kricketune', 'url': 'https://pokeapi.co/api/v2/pokemon/402/'}"
1281,https://pokeapi.co/api/v2/pokemon?offset=721&limit=560,,"{'name': 'shinx', 'url': 'https://pokeapi.co/api/v2/pokemon/403/'}"
1281,https://pokeapi.co/api/v2/pokemon?offset=721&limit=560,,"{'name': 'luxio', 'url': 'https://pokeapi.co/api/v2/pokemon/404/'}"
1281,https://pokeapi.co/api/v2/pokemon?offset=721&limit=560,,"{'name': 'luxray', 'url': 'https://pokeapi.co/api/v2/pokemon/405/'}"
1281,https://pokeapi.co/api/v2/pokemon?offset=721&limit=560,,"{'name': 'budew', 'url': 'https://pokeapi.co/api/v2/pokemon/406/'}"
1281,https://pokeapi.co/api/v2/pokemon?offset=721&limit=560,,"{'name': 'roserade', 'url': 'https://pokeapi.co/api/v2/pokemon/407/'}"
1281,https://pokeapi.co/api/v2/pokemon?offset=721&limit=560,,"{'name': 'cranidos', 'url': 'https://pokeapi.co/api/v2/pokemon/408/'}"
1281,https://pokeapi.co/api/v2/pokemon?offset=721&limit=560,,"{'name': 'rampardos', 'url': 'https://pokeapi.co/api/v2/pokemon/409/'}"
1281,https://pokeapi.co/api/v2/pokemon?offset=721&limit=560,,"{'name': 'shieldon', 'url': 'https://pokeapi.co/api/v2/pokemon/410/'}"
1281,https://pokeapi.co/api/v2/pokemon?offset=721&limit=560,,"{'name': 'bastiodon', 'url': 'https://pokeapi.co/api/v2/pokemon/411/'}"
1281,https://pokeapi.co/api/v2/pokemon?offset=721&limit=560,,"{'name': 'burmy', 'url': 'https://pokeapi.co/api/v2/pokemon/412/'}"
1281,https://pokeapi.co/api/v2/pokemon?offset=721&limit=560,,"{'name': 'wormadam-plant', 'url': 'https://pokeapi.co/api/v2/pokemon/413/'}"
1281,https://pokeapi.co/api/v2/pokemon?offset=721&limit=560,,"{'name': 'mothim', 'url': 'https://pokeapi.co/api/v2/pokemon/414/'}"
1281,https://pokeapi.co/api/v2/pokemon?offset=721&limit=560,,"{'name': 'combee', 'url': 'https://pokeapi.co/api/v2/pokemon/415/'}"
1281,https://pokeapi.co/api/v2/pokemon?offset=721&limit=560,,"{'name': 'vespiquen', 'url': 'https://pokeapi.co/api/v2/pokemon/416/'}"
1281,https://pokeapi.co/api/v2/pokemon?offset=721&limit=560,,"{'name': 'pachirisu', 'url': 'https://pokeapi.co/api/v2/pokemon/417/'}"
1281,https://pokeapi.co/api/v2/pokemon?offset=721&limit=560,,"{'name': 'buizel', 'url': 'https://pokeapi.co/api/v2/pokemon/418/'}"
1281,https://pokeapi.co/api/v2/pokemon?offset=721&limit=560,,"{'name': 'floatzel', 'url': 'https://pokeapi.co/api/v2/pokemon/419/'}"
1281,https://pokeapi.co/api/v2/pokemon?offset=721&limit=560,,"{'name': 'cherubi', 'url': 'https://pokeapi.co/api/v2/pokemon/420/'}"
1281,https://pokeapi.co/api/v2/pokemon?offset=721&limit=560,,"{'name': 'cherrim', 'url': 'https://pokeapi.co/api/v2/pokemon/421/'}"
1281,https://pokeapi.co/api/v2/pokemon?offset=721&limit=560,,"{'name': 'shellos', 'url': 'https://pokeapi.co/api/v2/pokemon/422/'}"
1281,https://pokeapi.co/api/v2/pokemon?offset=721&limit=560,,"{'name': 'gastrodon', 'url': 'https://pokeapi.co/api/v2/pokemon/423/'}"
1281,https://pokeapi.co/api/v2/pokemon?offset=721&limit=560,,"{'name': 'ambipom', 'url': 'https://pokeapi.co/api/v2/pokemon/424/'}"
1281,https://pokeapi.co/api/v2/pokemon?offset=721&limit=560,,"{'name': 'drifloon', 'url': 'https://pokeapi.co/api/v2/pokemon/425/'}"
1281,https://pokeapi.co/api/v2/pokemon?offset=721&limit=560,,"{'name': 'drifblim', 'url': 'https://pokeapi.co/api/v2/pokemon/426/'}"
1281,https://pokeapi.co/api/v2/pokemon?offset=721&limit=560,,"{'name': 'buneary', 'url': 'https://pokeapi.co/api/v2/pokemon/427/'}"
1281,https://pokeapi.co/api/v2/pokemon?offset=721&limit=560,,"{'name': 'lopunny', 'url': 'https://pokeapi.co/api/v2/pokemon/428/'}"
1281,https://pokeapi.co/api/v2/pokemon?offset=721&limit=560,,"{'name': 'mismagius', 'url': 'https://pokeapi.co/api/v2/pokemon/429/'}"
1281,https://pokeapi.co/api/v2/pokemon?offset=721&limit=560,,"{'name': 'honchkrow', 'url': 'https://pokeapi.co/api/v2/pokemon/430/'}"
1281,https://pokeapi.co/api/v2/pokemon?offset=721&limit=560,,"{'name': 'glameow', 'url': 'https://pokeapi.co/api/v2/pokemon/431/'}"
1281,https://pokeapi.co/api/v2/pokemon?offset=721&limit=560,,"{'name': 'purugly', 'url': 'https://pokeapi.co/api/v2/pokemon/432/'}"
1281,https://pokeapi.co/api/v2/pokemon?offset=721&limit=560,,"{'name': 'chingling', 'url': 'https://pokeapi.co/api/v2/pokemon/433/'}"
1281,https://pokeapi.co/api/v2/pokemon?offset=721&limit=560,,"{'name': 'stunky', 'url': 'https://pokeapi.co/api/v2/pokemon/434/'}"
1281,https://pokeapi.co/api/v2/pokemon?offset=721&limit=560,,"{'name': 'skuntank', 'url': 'https://pokeapi.co/api/v2/pokemon/435/'}"
1281,https://pokeapi.co/api/v2/pokemon?offset=721&limit=560,,"{'name': 'bronzor', 'url': 'https://pokeapi.co/api/v2/pokemon/436/'}"
1281,https://pokeapi.co/api/v2/pokemon?offset=721&limit=560,,"{'name': 'bronzong', 'url': 'https://pokeapi.co/api/v2/pokemon/437/'}"
1281,https://pokeapi.co/api/v2/pokemon?offset=721&limit=560,,"{'name': 'bonsly', 'url': 'https://pokeapi.co/api/v2/pokemon/438/'}"
1281,https://pokeapi.co/api/v2/pokemon?offset=721&limit=560,,"{'name': 'mime-jr', 'url': 'https://pokeapi.co/api/v2/pokemon/439/'}"
1281,https://pokeapi.co/api/v2/pokemon?offset=721&limit=560,,"{'name': 'happiny', 'url': 'https://pokeapi.co/api/v2/pokemon/440/'}"
1281,https://pokeapi.co/api/v2/pokemon?offset=721&limit=560,,"{'name': 'chatot', 'url': 'https://pokeapi.co/api/v2/pokemon/441/'}"
1281,https://pokeapi.co/api/v2/pokemon?offset=721&limit=560,,"{'name': 'spiritomb', 'url': 'https://pokeapi.co/api/v2/pokemon/442/'}"
1281,https://pokeapi.co/api/v2/pokemon?offset=721&limit=560,,"{'name': 'gible', 'url': 'https://pokeapi.co/api/v2/pokemon/443/'}"
1281,https://pokeapi.co/api/v2/pokemon?offset=721&limit=560,,"{'name': 'gabite', 'url': 'https://pokeapi.co/api/v2/pokemon/444/'}"
1281,https://pokeapi.co/api/v2/pokemon?offset=721&limit=560,,"{'name': 'garchomp', 'url': 'https://pokeapi.co/api/v2/pokemon/445/'}"
1281,https://pokeapi.co/api/v2/pokemon?offset=721&limit=560,,"{'name': 'munchlax', 'url': 'https://pokeapi.co/api/v2/pokemon/446/'}"
1281,https://pokeapi.co/api/v2/pokemon?offset=721&limit=560,,"{'name': 'riolu', 'url': 'https://pokeapi.co/api/v2/pokemon/447/'}"
1281,https://pokeapi.co/api/v2/pokemon?offset=721&limit=560,,"{'name': 'lucario', 'url': 'https://pokeapi.co/api/v2/pokemon/448/'}"
1281,https://pokeapi.co/api/v2/pokemon?offset=721&limit=560,,"{'name': 'hippopotas', 'url': 'https://pokeapi.co/api/v2/pokemon/449/'}"
1281,https://pokeapi.co/api/v2/pokemon?offset=721&limit=560,,"{'name': 'hippowdon', 'url': 'https://pokeapi.co/api/v2/pokemon/450/'}"
1281,https://pokeapi.co/api/v2/pokemon?offset=721&limit=560,,"{'name': 'skorupi', 'url': 'https://pokeapi.co/api/v2/pokemon/451/'}"
1281,https://pokeapi.co/api/v2/pokemon?offset=721&limit=560,,"{'name': 'drapion', 'url': 'https://pokeapi.co/api/v2/pokemon/452/'}"
1281,https://pokeapi.co/api/v2/pokemon?offset=721&limit=560,,"{'name': 'croagunk', 'url': 'https://pokeapi.co/api/v2/pokemon/453/'}"
1281,https://pokeapi.co/api/v2/pokemon?offset=721&limit=560,,"{'name': 'toxicroak', 'url': 'https://pokeapi.co/api/v2/pokemon/454/'}"
1281,https://pokeapi.co/api/v2/pokemon?offset=721&limit=560,,"{'name': 'carnivine', 'url': 'https://pokeapi.co/api/v2/pokemon/455/'}"
1281,https://pokeapi.co/api/v2/pokemon?offset=721&limit=560,,"{'name': 'finneon', 'url': 'https://pokeapi.co/api/v2/pokemon/456/'}"
1281,https://pokeapi.co/api/v2/pokemon?offset=721&limit=560,,"{'name': 'lumineon', 'url': 'https://pokeapi.co/api/v2/pokemon/457/'}"
1281,https://pokeapi.co/api/v2/pokemon?offset=721&limit=560,,"{'name': 'mantyke', 'url': 'https://pokeapi.co/api/v2/pokemon/458/'}"
1281,https://pokeapi.co/api/v2/pokemon?offset=721&limit=560,,"{'name': 'snover', 'url': 'https://pokeapi.co/api/v2/pokemon/459/'}"
1281,https://pokeapi.co/api/v2/pokemon?offset=721&limit=560,,"{'name': 'abomasnow', 'url': 'https://pokeapi.co/api/v2/pokemon/460/'}"
1281,https://pokeapi.co/api/v2/pokemon?offset=721&limit=560,,"{'name': 'weavile', 'url': 'https://pokeapi.co/api/v2/pokemon/461/'}"
1281,https://pokeapi.co/api/v2/pokemon?offset=721&limit=560,,"{'name': 'magnezone', 'url': 'https://pokeapi.co/api/v2/pokemon/462/'}"
1281,https://pokeapi.co/api/v2/pokemon?offset=721&limit=560,,"{'name': 'lickilicky', 'url': 'https://pokeapi.co/api/v2/pokemon/463/'}"
1281,https://pokeapi.co/api/v2/pokemon?offset=721&limit=560,,"{'name': 'rhyperior', 'url': 'https://pokeapi.co/api/v2/pokemon/464/'}"
1281,https://pokeapi.co/api/v2/pokemon?offset=721&limit=560,,"{'name': 'tangrowth', 'url': 'https://pokeapi.co/api/v2/pokemon/465/'}"
1281,https://pokeapi.co/api/v2/pokemon?offset=721&limit=560,,"{'name': 'electivire', 'url': 'https://pokeapi.co/api/v2/pokemon/466/'}"
1281,https://pokeapi.co/api/v2/pokemon?offset=721&limit=560,,"{'name': 'magmortar', 'url': 'https://pokeapi.co/api/v2/pokemon/467/'}"
1281,https://pokeapi.co/api/v2/pokemon?offset=721&limit=560,,"{'name': 'togekiss', 'url': 'https://pokeapi.co/api/v2/pokemon/468/'}"
1281,https://pokeapi.co/api/v2/pokemon?offset=721&limit=560,,"{'name': 'yanmega', 'url': 'https://pokeapi.co/api/v2/pokemon/469/'}"
1281,https://pokeapi.co/api/v2/pokemon?offset=721&limit=560,,"{'name': 'leafeon', 'url': 'https://pokeapi.co/api/v2/pokemon/470/'}"
1281,https://pokeapi.co/api/v2/pokemon?offset=721&limit=560,,"{'name': 'glaceon', 'url': 'https://pokeapi.co/api/v2/pokemon/471/'}"
1281,https://pokeapi.co/api/v2/pokemon?offset=721&limit=560,,"{'name': 'gliscor', 'url': 'https://pokeapi.co/api/v2/pokemon/472/'}"
1281,https://pokeapi.co/api/v2/pokemon?offset=721&limit=560,,"{'name': 'mamoswine', 'url': 'https://pokeapi.co/api/v2/pokemon/473/'}"
1281,https://pokeapi.co/api/v2/pokemon?offset=721&limit=560,,"{'name': 'porygon-z', 'url': 'https://pokeapi.co/api/v2/pokemon/474/'}"
1281,https://pokeapi.co/api/v2/pokemon?offset=721&limit=560,,"{'name': 'gallade', 'url': 'https://pokeapi.co/api/v2/pokemon/475/'}"
1281,https://pokeapi.co/api/v2/pokemon?offset=721&limit=560,,"{'name': 'probopass', 'url': 'https://pokeapi.co/api/v2/pokemon/476/'}"
1281,https://pokeapi.co/api/v2/pokemon?offset=721&limit=560,,"{'name': 'dusknoir', 'url': 'https://pokeapi.co/api/v2/pokemon/477/'}"
1281,https://pokeapi.co/api/v2/pokemon?offset=721&limit=560,,"{'name': 'froslass', 'url': 'https://pokeapi.co/api/v2/pokemon/478/'}"
1281,https://pokeapi.co/api/v2/pokemon?offset=721&limit=560,,"{'name': 'rotom', 'url': 'https://pokeapi.co/api/v2/pokemon/479/'}"
1281,https://pokeapi.co/api/v2/pokemon?offset=721&limit=560,,"{'name': 'uxie', 'url': 'https://pokeapi.co/api/v2/pokemon/480/'}"
1281,https://pokeapi.co/api/v2/pokemon?offset=721&limit=560,,"{'name': 'mesprit', 'url': 'https://pokeapi.co/api/v2/pokemon/481/'}"
1281,https://pokeapi.co/api/v2/pokemon?offset=721&limit=560,,"{'name': 'azelf', 'url': 'https://pokeapi.co/api/v2/pokemon/482/'}"
1281,https://pokeapi.co/api/v2/pokemon?offset=721&limit=560,,"{'name': 'dialga', 'url': 'https://pokeapi.co/api/v2/pokemon/483/'}"
1281,https://pokeapi.co/api/v2/pokemon?offset=721&limit=560,,"{'name': 'palkia', 'url': 'https://pokeapi.co/api/v2/pokemon/484/'}"
1281,https://pokeapi.co/api/v2/pokemon?offset=721&limit=560,,"{'name': 'heatran', 'url': 'https://pokeapi.co/api/v2/pokemon/485/'}"
1281,https://pokeapi.co/api/v2/pokemon?offset=721&limit=560,,"{'name': 'regigigas', 'url': 'https://pokeapi.co/api/v2/pokemon/486/'}"
1281,https://pokeapi.co/api/v2/pokemon?offset=721&limit=560,,"{'name': 'giratina-altered', 'url': 'https://pokeapi.co/api/v2/pokemon/487/'}"
1281,https://pokeapi.co/api/v2/pokemon?offset=721&limit=560,,"{'name': 'cresselia', 'url': 'https://pokeapi.co/api/v2/pokemon/488/'}"
1281,https://pokeapi.co/api/v2/pokemon?offset=721&limit=560,,"{'name': 'phione', 'url': 'https://pokeapi.co/api/v2/pokemon/489/'}"
1281,https://pokeapi.co/api/v2/pokemon?offset=721&limit=560,,"{'name': 'manaphy', 'url': 'https://pokeapi.co/api/v2/pokemon/490/'}"
1281,https://pokeapi.co/api/v2/pokemon?offset=721&limit=560,,"{'name': 'darkrai', 'url': 'https://pokeapi.co/api/v2/pokemon/491/'}"
1281,https://pokeapi.co/api/v2/pokemon?offset=721&limit=560,,"{'name': 'shaymin-land', 'url': 'https://pokeapi.co/api/v2/pokemon/492/'}"
1281,https://pokeapi.co/api/v2/pokemon?offset=721&limit=560,,"{'name': 'arceus', 'url': 'https://pokeapi.co/api/v2/pokemon/493/'}"
1281,https://pokeapi.co/api/v2/pokemon?offset=721&limit=560,,"{'name': 'victini', 'url': 'https://pokeapi.co/api/v2/pokemon/494/'}"
1281,https://pokeapi.co/api/v2/pokemon?offset=721&limit=560,,"{'name': 'snivy', 'url': 'https://pokeapi.co/api/v2/pokemon/495/'}"
1281,https://pokeapi.co/api/v2/pokemon?offset=721&limit=560,,"{'name': 'servine', 'url': 'https://pokeapi.co/api/v2/pokemon/496/'}"
1281,https://pokeapi.co/api/v2/pokemon?offset=721&limit=560,,"{'name': 'serperior', 'url': 'https://pokeapi.co/api/v2/pokemon/497/'}"
1281,https://pokeapi.co/api/v2/pokemon?offset=721&limit=560,,"{'name': 'tepig', 'url': 'https://pokeapi.co/api/v2/pokemon/498/'}"
1281,https://pokeapi.co/api/v2/pokemon?offset=721&limit=560,,"{'name': 'pignite', 'url': 'https://pokeapi.co/api/v2/pokemon/499/'}"
1281,https://pokeapi.co/api/v2/pokemon?offset=721&limit=560,,"{'name': 'emboar', 'url': 'https://pokeapi.co/api/v2/pokemon/500/'}"
1281,https://pokeapi.co/api/v2/pokemon?offset=721&limit=560,,"{'name': 'oshawott', 'url': 'https://pokeapi.co/api/v2/pokemon/501/'}"
1281,https://pokeapi.co/api/v2/pokemon?offset=721&limit=560,,"{'name': 'dewott', 'url': 'https://pokeapi.co/api/v2/pokemon/502/'}"
1281,https://pokeapi.co/api/v2/pokemon?offset=721&limit=560,,"{'name': 'samurott', 'url': 'https://pokeapi.co/api/v2/pokemon/503/'}"
1281,https://pokeapi.co/api/v2/pokemon?offset=721&limit=560,,"{'name': 'patrat', 'url': 'https://pokeapi.co/api/v2/pokemon/504/'}"
1281,https://pokeapi.co/api/v2/pokemon?offset=721&limit=560,,"{'name': 'watchog', 'url': 'https://pokeapi.co/api/v2/pokemon/505/'}"
1281,https://pokeapi.co/api/v2/pokemon?offset=721&limit=560,,"{'name': 'lillipup', 'url': 'https://pokeapi.co/api/v2/pokemon/506/'}"
1281,https://pokeapi.co/api/v2/pokemon?offset=721&limit=560,,"{'name': 'herdier', 'url': 'https://pokeapi.co/api/v2/pokemon/507/'}"
1281,https://pokeapi.co/api/v2/pokemon?offset=721&limit=560,,"{'name': 'stoutland', 'url': 'https://pokeapi.co/api/v2/pokemon/508/'}"
1281,https://pokeapi.co/api/v2/pokemon?offset=721&limit=560,,"{'name': 'purrloin', 'url': 'https://pokeapi.co/api/v2/pokemon/509/'}"
1281,https://pokeapi.co/api/v2/pokemon?offset=721&limit=560,,"{'name': 'liepard', 'url': 'https://pokeapi.co/api/v2/pokemon/510/'}"
1281,https://pokeapi.co/api/v2/pokemon?offset=721&limit=560,,"{'name': 'pansage', 'url': 'https://pokeapi.co/api/v2/pokemon/511/'}"
1281,https://pokeapi.co/api/v2/pokemon?offset=721&limit=560,,"{'name': 'simisage', 'url': 'https://pokeapi.co/api/v2/pokemon/512/'}"
1281,https://pokeapi.co/api/v2/pokemon?offset=721&limit=560,,"{'name': 'pansear', 'url': 'https://pokeapi.co/api/v2/pokemon/513/'}"
1281,https://pokeapi.co/api/v2/pokemon?offset=721&limit=560,,"{'name': 'simisear', 'url': 'https://pokeapi.co/api/v2/pokemon/514/'}"
1281,https://pokeapi.co/api/v2/pokemon?offset=721&limit=560,,"{'name': 'panpour', 'url': 'https://pokeapi.co/api/v2/pokemon/515/'}"
1281,https://pokeapi.co/api/v2/pokemon?offset=721&limit=560,,"{'name': 'simipour', 'url': 'https://pokeapi.co/api/v2/pokemon/516/'}"
1281,https://pokeapi.co/api/v2/pokemon?offset=721&limit=560,,"{'name': 'munna', 'url': 'https://pokeapi.co/api/v2/pokemon/517/'}"
1281,https://pokeapi.co/api/v2/pokemon?offset=721&limit=560,,"{'name': 'musharna', 'url': 'https://pokeapi.co/api/v2/pokemon/518/'}"
1281,https://pokeapi.co/api/v2/pokemon?offset=721&limit=560,,"{'name': 'pidove', 'url': 'https://pokeapi.co/api/v2/pokemon/519/'}"
1281,https://pokeapi.co/api/v2/pokemon?offset=721&limit=560,,"{'name': 'tranquill', 'url': 'https://pokeapi.co/api/v2/pokemon/520/'}"
1281,https://pokeapi.co/api/v2/pokemon?offset=721&limit=560,,"{'name': 'unfezant', 'url': 'https://pokeapi.co/api/v2/pokemon/521/'}"
1281,https://pokeapi.co/api/v2/pokemon?offset=721&limit=560,,"{'name': 'blitzle', 'url': 'https://pokeapi.co/api/v2/pokemon/522/'}"
1281,https://pokeapi.co/api/v2/pokemon?offset=721&limit=560,,"{'name': 'zebstrika', 'url': 'https://pokeapi.co/api/v2/pokemon/523/'}"
1281,https://pokeapi.co/api/v2/pokemon?offset=721&limit=560,,"{'name': 'roggenrola', 'url': 'https://pokeapi.co/api/v2/pokemon/524/'}"
1281,https://pokeapi.co/api/v2/pokemon?offset=721&limit=560,,"{'name': 'boldore', 'url': 'https://pokeapi.co/api/v2/pokemon/525/'}"
1281,https://pokeapi.co/api/v2/pokemon?offset=721&limit=560,,"{'name': 'gigalith', 'url': 'https://pokeapi.co/api/v2/pokemon/526/'}"
1281,https://pokeapi.co/api/v2/pokemon?offset=721&limit=560,,"{'name': 'woobat', 'url': 'https://pokeapi.co/api/v2/pokemon/527/'}"
1281,https://pokeapi.co/api/v2/pokemon?offset=721&limit=560,,"{'name': 'swoobat', 'url': 'https://pokeapi.co/api/v2/pokemon/528/'}"
1281,https://pokeapi.co/api/v2/pokemon?offset=721&limit=560,,"{'name': 'drilbur', 'url': 'https://pokeapi.co/api/v2/pokemon/529/'}"
1281,https://pokeapi.co/api/v2/pokemon?offset=721&limit=560,,"{'name': 'excadrill', 'url': 'https://pokeapi.co/api/v2/pokemon/530/'}"
1281,https://pokeapi.co/api/v2/pokemon?offset=721&limit=560,,"{'name': 'audino', 'url': 'https://pokeapi.co/api/v2/pokemon/531/'}"
1281,https://pokeapi.co/api/v2/pokemon?offset=721&limit=560,,"{'name': 'timburr', 'url': 'https://pokeapi.co/api/v2/pokemon/532/'}"
1281,https://pokeapi.co/api/v2/pokemon?offset=721&limit=560,,"{'name': 'gurdurr', 'url': 'https://pokeapi.co/api/v2/pokemon/533/'}"
1281,https://pokeapi.co/api/v2/pokemon?offset=721&limit=560,,"{'name': 'conkeldurr', 'url': 'https://pokeapi.co/api/v2/pokemon/534/'}"
1281,https://pokeapi.co/api/v2/pokemon?offset=721&limit=560,,"{'name': 'tympole', 'url': 'https://pokeapi.co/api/v2/pokemon/535/'}"
1281,https://pokeapi.co/api/v2/pokemon?offset=721&limit=560,,"{'name': 'palpitoad', 'url': 'https://pokeapi.co/api/v2/pokemon/536/'}"
1281,https://pokeapi.co/api/v2/pokemon?offset=721&limit=560,,"{'name': 'seismitoad', 'url': 'https://pokeapi.co/api/v2/pokemon/537/'}"
1281,https://pokeapi.co/api/v2/pokemon?offset=721&limit=560,,"{'name': 'throh', 'url': 'https://pokeapi.co/api/v2/pokemon/538/'}"
1281,https://pokeapi.co/api/v2/pokemon?offset=721&limit=560,,"{'name': 'sawk', 'url': 'https://pokeapi.co/api/v2/pokemon/539/'}"
1281,https://pokeapi.co/api/v2/pokemon?offset=721&limit=560,,"{'name': 'sewaddle', 'url': 'https://pokeapi.co/api/v2/pokemon/540/'}"
1281,https://pokeapi.co/api/v2/pokemon?offset=721&limit=560,,"{'name': 'swadloon', 'url': 'https://pokeapi.co/api/v2/pokemon/541/'}"
1281,https://pokeapi.co/api/v2/pokemon?offset=721&limit=560,,"{'name': 'leavanny', 'url': 'https://pokeapi.co/api/v2/pokemon/542/'}"
1281,https://pokeapi.co/api/v2/pokemon?offset=721&limit=560,,"{'name': 'venipede', 'url': 'https://pokeapi.co/api/v2/pokemon/543/'}"
1281,https://pokeapi.co/api/v2/pokemon?offset=721&limit=560,,"{'name': 'whirlipede', 'url': 'https://pokeapi.co/api/v2/pokemon/544/'}"
1281,https://pokeapi.co/api/v2/pokemon?offset=721&limit=560,,"{'name': 'scolipede', 'url': 'https://pokeapi.co/api/v2/pokemon/545/'}"
1281,https://pokeapi.co/api/v2/pokemon?offset=721&limit=560,,"{'name': 'cottonee', 'url': 'https://pokeapi.co/api/v2/pokemon/546/'}"
1281,https://pokeapi.co/api/v2/pokemon?offset=721&limit=560,,"{'name': 'whimsicott', 'url': 'https://pokeapi.co/api/v2/pokemon/547/'}"
1281,https://pokeapi.co/api/v2/pokemon?offset=721&limit=560,,"{'name': 'petilil', 'url': 'https://pokeapi.co/api/v2/pokemon/548/'}"
1281,https://pokeapi.co/api/v2/pokemon?offset=721&limit=560,,"{'name': 'lilligant', 'url': 'https://pokeapi.co/api/v2/pokemon/549/'}"
1281,https://pokeapi.co/api/v2/pokemon?offset=721&limit=560,,"{'name': 'basculin-red-striped', 'url': 'https://pokeapi.co/api/v2/pokemon/550/'}"
1281,https://pokeapi.co/api/v2/pokemon?offset=721&limit=560,,"{'name': 'sandile', 'url': 'https://pokeapi.co/api/v2/pokemon/551/'}"
1281,https://pokeapi.co/api/v2/pokemon?offset=721&limit=560,,"{'name': 'krokorok', 'url': 'https://pokeapi.co/api/v2/pokemon/552/'}"
1281,https://pokeapi.co/api/v2/pokemon?offset=721&limit=560,,"{'name': 'krookodile', 'url': 'https://pokeapi.co/api/v2/pokemon/553/'}"
1281,https://pokeapi.co/api/v2/pokemon?offset=721&limit=560,,"{'name': 'darumaka', 'url': 'https://pokeapi.co/api/v2/pokemon/554/'}"
1281,https://pokeapi.co/api/v2/pokemon?offset=721&limit=560,,"{'name': 'darmanitan-standard', 'url': 'https://pokeapi.co/api/v2/pokemon/555/'}"
1281,https://pokeapi.co/api/v2/pokemon?offset=721&limit=560,,"{'name': 'maractus', 'url': 'https://pokeapi.co/api/v2/pokemon/556/'}"
1281,https://pokeapi.co/api/v2/pokemon?offset=721&limit=560,,"{'name': 'dwebble', 'url': 'https://pokeapi.co/api/v2/pokemon/557/'}"
1281,https://pokeapi.co/api/v2/pokemon?offset=721&limit=560,,"{'name': 'crustle', 'url': 'https://pokeapi.co/api/v2/pokemon/558/'}"
1281,https://pokeapi.co/api/v2/pokemon?offset=721&limit=560,,"{'name': 'scraggy', 'url': 'https://pokeapi.co/api/v2/pokemon/559/'}"
1281,https://pokeapi.co/api/v2/pokemon?offset=721&limit=560,,"{'name': 'scrafty', 'url': 'https://pokeapi.co/api/v2/pokemon/560/'}"
1281,https://pokeapi.co/api/v2/pokemon?offset=721&limit=560,,"{'name': 'sigilyph', 'url': 'https://pokeapi.co/api/v2/pokemon/561/'}"
1281,https://pokeapi.co/api/v2/pokemon?offset=721&limit=560,,"{'name': 'yamask', 'url': 'https://pokeapi.co/api/v2/pokemon/562/'}"
1281,https://pokeapi.co/api/v2/pokemon?offset=721&limit=560,,"{'name': 'cofagrigus', 'url': 'https://pokeapi.co/api/v2/pokemon/563/'}"
1281,https://pokeapi.co/api/v2/pokemon?offset=721&limit=560,,"{'name': 'tirtouga', 'url': 'https://pokeapi.co/api/v2/pokemon/564/'}"
1281,https://pokeapi.co/api/v2/pokemon?offset=721&limit=560,,"{'name': 'carracosta', 'url': 'https://pokeapi.co/api/v2/pokemon/565/'}"
1281,https://pokeapi.co/api/v2/pokemon?offset=721&limit=560,,"{'name': 'archen', 'url': 'https://pokeapi.co/api/v2/pokemon/566/'}"
1281,https://pokeapi.co/api/v2/pokemon?offset=721&limit=560,,"{'name': 'archeops', 'url': 'https://pokeapi.co/api/v2/pokemon/567/'}"
1281,https://pokeapi.co/api/v2/pokemon?offset=721&limit=560,,"{'name': 'trubbish', 'url': 'https://pokeapi.co/api/v2/pokemon/568/'}"
1281,https://pokeapi.co/api/v2/pokemon?offset=721&limit=560,,"{'name': 'garbodor', 'url': 'https://pokeapi.co/api/v2/pokemon/569/'}"
1281,https://pokeapi.co/api/v2/pokemon?offset=721&limit=560,,"{'name': 'zorua', 'url': 'https://pokeapi.co/api/v2/pokemon/570/'}"
1281,https://pokeapi.co/api/v2/pokemon?offset=721&limit=560,,"{'name': 'zoroark', 'url': 'https://pokeapi.co/api/v2/pokemon/571/'}"
1281,https://pokeapi.co/api/v2/pokemon?offset=721&limit=560,,"{'name': 'minccino', 'url': 'https://pokeapi.co/api/v2/pokemon/572/'}"
1281,https://pokeapi.co/api/v2/pokemon?offset=721&limit=560,,"{'name': 'cinccino', 'url': 'https://pokeapi.co/api/v2/pokemon/573/'}"
1281,https://pokeapi.co/api/v2/pokemon?offset=721&limit=560,,"{'name': 'gothita', 'url': 'https://pokeapi.co/api/v2/pokemon/574/'}"
1281,https://pokeapi.co/api/v2/pokemon?offset=721&limit=560,,"{'name': 'gothorita', 'url': 'https://pokeapi.co/api/v2/pokemon/575/'}"
1281,https://pokeapi.co/api/v2/pokemon?offset=721&limit=560,,"{'name': 'gothitelle', 'url': 'https://pokeapi.co/api/v2/pokemon/576/'}"
1281,https://pokeapi.co/api/v2/pokemon?offset=721&limit=560,,"{'name': 'solosis', 'url': 'https://pokeapi.co/api/v2/pokemon/577/'}"
1281,https://pokeapi.co/api/v2/pokemon?offset=721&limit=560,,"{'name': 'duosion', 'url': 'https://pokeapi.co/api/v2/pokemon/578/'}"
1281,https://pokeapi.co/api/v2/pokemon?offset=721&limit=560,,"{'name': 'reuniclus', 'url': 'https://pokeapi.co/api/v2/pokemon/579/'}"
1281,https://pokeapi.co/api/v2/pokemon?offset=721&limit=560,,"{'name': 'ducklett', 'url': 'https://pokeapi.co/api/v2/pokemon/580/'}"
1281,https://pokeapi.co/api/v2/pokemon?offset=721&limit=560,,"{'name': 'swanna', 'url': 'https://pokeapi.co/api/v2/pokemon/581/'}"
1281,https://pokeapi.co/api/v2/pokemon?offset=721&limit=560,,"{'name': 'vanillite', 'url': 'https://pokeapi.co/api/v2/pokemon/582/'}"
1281,https://pokeapi.co/api/v2/pokemon?offset=721&limit=560,,"{'name': 'vanillish', 'url': 'https://pokeapi.co/api/v2/pokemon/583/'}"
1281,https://pokeapi.co/api/v2/pokemon?offset=721&limit=560,,"{'name': 'vanilluxe', 'url': 'https://pokeapi.co/api/v2/pokemon/584/'}"
1281,https://pokeapi.co/api/v2/pokemon?offset=721&limit=560,,"{'name': 'deerling', 'url': 'https://pokeapi.co/api/v2/pokemon/585/'}"
1281,https://pokeapi.co/api/v2/pokemon?offset=721&limit=560,,"{'name': 'sawsbuck', 'url': 'https://pokeapi.co/api/v2/pokemon/586/'}"
1281,https://pokeapi.co/api/v2/pokemon?offset=721&limit=560,,"{'name': 'emolga', 'url': 'https://pokeapi.co/api/v2/pokemon/587/'}"
1281,https://pokeapi.co/api/v2/pokemon?offset=721&limit=560,,"{'name': 'karrablast', 'url': 'https://pokeapi.co/api/v2/pokemon/588/'}"
1281,https://pokeapi.co/api/v2/pokemon?offset=721&limit=560,,"{'name': 'escavalier', 'url': 'https://pokeapi.co/api/v2/pokemon/589/'}"
1281,https://pokeapi.co/api/v2/pokemon?offset=721&limit=560,,"{'name': 'foongus', 'url': 'https://pokeapi.co/api/v2/pokemon/590/'}"
1281,https://pokeapi.co/api/v2/pokemon?offset=721&limit=560,,"{'name': 'amoonguss', 'url': 'https://pokeapi.co/api/v2/pokemon/591/'}"
1281,https://pokeapi.co/api/v2/pokemon?offset=721&limit=560,,"{'name': 'frillish', 'url': 'https://pokeapi.co/api/v2/pokemon/592/'}"
1281,https://pokeapi.co/api/v2/pokemon?offset=721&limit=560,,"{'name': 'jellicent', 'url': 'https://pokeapi.co/api/v2/pokemon/593/'}"
1281,https://pokeapi.co/api/v2/pokemon?offset=721&limit=560,,"{'name': 'alomomola', 'url': 'https://pokeapi.co/api/v2/pokemon/594/'}"
1281,https://pokeapi.co/api/v2/pokemon?offset=721&limit=560,,"{'name': 'joltik', 'url': 'https://pokeapi.co/api/v2/pokemon/595/'}"
1281,https://pokeapi.co/api/v2/pokemon?offset=721&limit=560,,"{'name': 'galvantula', 'url': 'https://pokeapi.co/api/v2/pokemon/596/'}"
1281,https://pokeapi.co/api/v2/pokemon?offset=721&limit=560,,"{'name': 'ferroseed', 'url': 'https://pokeapi.co/api/v2/pokemon/597/'}"
1281,https://pokeapi.co/api/v2/pokemon?offset=721&limit=560,,"{'name': 'ferrothorn', 'url': 'https://pokeapi.co/api/v2/pokemon/598/'}"
1281,https://pokeapi.co/api/v2/pokemon?offset=721&limit=560,,"{'name': 'klink', 'url': 'https://pokeapi.co/api/v2/pokemon/599/'}"
1281,https://pokeapi.co/api/v2/pokemon?offset=721&limit=560,,"{'name': 'klang', 'url': 'https://pokeapi.co/api/v2/pokemon/600/'}"
1281,https://pokeapi.co/api/v2/pokemon?offset=721&limit=560,,"{'name': 'klinklang', 'url': 'https://pokeapi.co/api/v2/pokemon/601/'}"
1281,https://pokeapi.co/api/v2/pokemon?offset=721&limit=560,,"{'name': 'tynamo', 'url': 'https://pokeapi.co/api/v2/pokemon/602/'}"
1281,https://pokeapi.co/api/v2/pokemon?offset=721&limit=560,,"{'name': 'eelektrik', 'url': 'https://pokeapi.co/api/v2/pokemon/603/'}"
1281,https://pokeapi.co/api/v2/pokemon?offset=721&limit=560,,"{'name': 'eelektross', 'url': 'https://pokeapi.co/api/v2/pokemon/604/'}"
1281,https://pokeapi.co/api/v2/pokemon?offset=721&limit=560,,"{'name': 'elgyem', 'url': 'https://pokeapi.co/api/v2/pokemon/605/'}"
1281,https://pokeapi.co/api/v2/pokemon?offset=721&limit=560,,"{'name': 'beheeyem', 'url': 'https://pokeapi.co/api/v2/pokemon/606/'}"
1281,https://pokeapi.co/api/v2/pokemon?offset=721&limit=560,,"{'name': 'litwick', 'url': 'https://pokeapi.co/api/v2/pokemon/607/'}"
1281,https://pokeapi.co/api/v2/pokemon?offset=721&limit=560,,"{'name': 'lampent', 'url': 'https://pokeapi.co/api/v2/pokemon/608/'}"
1281,https://pokeapi.co/api/v2/pokemon?offset=721&limit=560,,"{'name': 'chandelure', 'url': 'https://pokeapi.co/api/v2/pokemon/609/'}"
1281,https://pokeapi.co/api/v2/pokemon?offset=721&limit=560,,"{'name': 'axew', 'url': 'https://pokeapi.co/api/v2/pokemon/610/'}"
1281,https://pokeapi.co/api/v2/pokemon?offset=721&limit=560,,"{'name': 'fraxure', 'url': 'https://pokeapi.co/api/v2/pokemon/611/'}"
1281,https://pokeapi.co/api/v2/pokemon?offset=721&limit=560,,"{'name': 'haxorus', 'url': 'https://pokeapi.co/api/v2/pokemon/612/'}"
1281,https://pokeapi.co/api/v2/pokemon?offset=721&limit=560,,"{'name': 'cubchoo', 'url': 'https://pokeapi.co/api/v2/pokemon/613/'}"
1281,https://pokeapi.co/api/v2/pokemon?offset=721&limit=560,,"{'name': 'beartic', 'url': 'https://pokeapi.co/api/v2/pokemon/614/'}"
1281,https://pokeapi.co/api/v2/pokemon?offset=721&limit=560,,"{'name': 'cryogonal', 'url': 'https://pokeapi.co/api/v2/pokemon/615/'}"
1281,https://pokeapi.co/api/v2/pokemon?offset=721&limit=560,,"{'name': 'shelmet', 'url': 'https://pokeapi.co/api/v2/pokemon/616/'}"
1281,https://pokeapi.co/api/v2/pokemon?offset=721&limit=560,,"{'name': 'accelgor', 'url': 'https://pokeapi.co/api/v2/pokemon/617/'}"
1281,https://pokeapi.co/api/v2/pokemon?offset=721&limit=560,,"{'name': 'stunfisk', 'url': 'https://pokeapi.co/api/v2/pokemon/618/'}"
1281,https://pokeapi.co/api/v2/pokemon?offset=721&limit=560,,"{'name': 'mienfoo', 'url': 'https://pokeapi.co/api/v2/pokemon/619/'}"
1281,https://pokeapi.co/api/v2/pokemon?offset=721&limit=560,,"{'name': 'mienshao', 'url': 'https://pokeapi.co/api/v2/pokemon/620/'}"
1281,https://pokeapi.co/api/v2/pokemon?offset=721&limit=560,,"{'name': 'druddigon', 'url': 'https://pokeapi.co/api/v2/pokemon/621/'}"
1281,https://pokeapi.co/api/v2/pokemon?offset=721&limit=560,,"{'name': 'golett', 'url': 'https://pokeapi.co/api/v2/pokemon/622/'}"
1281,https://pokeapi.co/api/v2/pokemon?offset=721&limit=560,,"{'name': 'golurk', 'url': 'https://pokeapi.co/api/v2/pokemon/623/'}"
1281,https://pokeapi.co/api/v2/pokemon?offset=721&limit=560,,"{'name': 'pawniard', 'url': 'https://pokeapi.co/api/v2/pokemon/624/'}"
1281,https://pokeapi.co/api/v2/pokemon?offset=721&limit=560,,"{'name': 'bisharp', 'url': 'https://pokeapi.co/api/v2/pokemon/625/'}"
1281,https://pokeapi.co/api/v2/pokemon?offset=721&limit=560,,"{'name': 'bouffalant', 'url': 'https://pokeapi.co/api/v2/pokemon/626/'}"
1281,https://pokeapi.co/api/v2/pokemon?offset=721&limit=560,,"{'name': 'rufflet', 'url': 'https://pokeapi.co/api/v2/pokemon/627/'}"
1281,https://pokeapi.co/api/v2/pokemon?offset=721&limit=560,,"{'name': 'braviary', 'url': 'https://pokeapi.co/api/v2/pokemon/628/'}"
1281,https://pokeapi.co/api/v2/pokemon?offset=721&limit=560,,"{'name': 'vullaby', 'url': 'https://pokeapi.co/api/v2/pokemon/629/'}"
1281,https://pokeapi.co/api/v2/pokemon?offset=721&limit=560,,"{'name': 'mandibuzz', 'url': 'https://pokeapi.co/api/v2/pokemon/630/'}"
1281,https://pokeapi.co/api/v2/pokemon?offset=721&limit=560,,"{'name': 'heatmor', 'url': 'https://pokeapi.co/api/v2/pokemon/631/'}"
1281,https://pokeapi.co/api/v2/pokemon?offset=721&limit=560,,"{'name': 'durant', 'url': 'https://pokeapi.co/api/v2/pokemon/632/'}"
1281,https://pokeapi.co/api/v2/pokemon?offset=721&limit=560,,"{'name': 'deino', 'url': 'https://pokeapi.co/api/v2/pokemon/633/'}"
1281,https://pokeapi.co/api/v2/pokemon?offset=721&limit=560,,"{'name': 'zweilous', 'url': 'https://pokeapi.co/api/v2/pokemon/634/'}"
1281,https://pokeapi.co/api/v2/pokemon?offset=721&limit=560,,"{'name': 'hydreigon', 'url': 'https://pokeapi.co/api/v2/pokemon/635/'}"
1281,https://pokeapi.co/api/v2/pokemon?offset=721&limit=560,,"{'name': 'larvesta', 'url': 'https://pokeapi.co/api/v2/pokemon/636/'}"
1281,https://pokeapi.co/api/v2/pokemon?offset=721&limit=560,,"{'name': 'volcarona', 'url': 'https://pokeapi.co/api/v2/pokemon/637/'}"
1281,https://pokeapi.co/api/v2/pokemon?offset=721&limit=560,,"{'name': 'cobalion', 'url': 'https://pokeapi.co/api/v2/pokemon/638/'}"
1281,https://pokeapi.co/api/v2/pokemon?offset=721&limit=560,,"{'name': 'terrakion', 'url': 'https://pokeapi.co/api/v2/pokemon/639/'}"
1281,https://pokeapi.co/api/v2/pokemon?offset=721&limit=560,,"{'name': 'virizion', 'url': 'https://pokeapi.co/api/v2/pokemon/640/'}"
1281,https://pokeapi.co/api/v2/pokemon?offset=721&limit=560,,"{'name': 'tornadus-incarnate', 'url': 'https://pokeapi.co/api/v2/pokemon/641/'}"
1281,https://pokeapi.co/api/v2/pokemon?offset=721&limit=560,,"{'name': 'thundurus-incarnate', 'url': 'https://pokeapi.co/api/v2/pokemon/642/'}"
1281,https://pokeapi.co/api/v2/pokemon?offset=721&limit=560,,"{'name': 'reshiram', 'url': 'https://pokeapi.co/api/v2/pokemon/643/'}"
1281,https://pokeapi.co/api/v2/pokemon?offset=721&limit=560,,"{'name': 'zekrom', 'url': 'https://pokeapi.co/api/v2/pokemon/644/'}"
1281,https://pokeapi.co/api/v2/pokemon?offset=721&limit=560,,"{'name': 'landorus-incarnate', 'url': 'https://pokeapi.co/api/v2/pokemon/645/'}"
1281,https://pokeapi.co/api/v2/pokemon?offset=721&limit=560,,"{'name': 'kyurem', 'url': 'https://pokeapi.co/api/v2/pokemon/646/'}"
1281,https://pokeapi.co/api/v2/pokemon?offset=721&limit=560,,"{'name': 'keldeo-ordinary', 'url': 'https://pokeapi.co/api/v2/pokemon/647/'}"
1281,https://pokeapi.co/api/v2/pokemon?offset=721&limit=560,,"{'name': 'meloetta-aria', 'url': 'https://pokeapi.co/api/v2/pokemon/648/'}"
1281,https://pokeapi.co/api/v2/pokemon?offset=721&limit=560,,"{'name': 'genesect', 'url': 'https://pokeapi.co/api/v2/pokemon/649/'}"
1281,https://pokeapi.co/api/v2/pokemon?offset=721&limit=560,,"{'name': 'chespin', 'url': 'https://pokeapi.co/api/v2/pokemon/650/'}"
1281,https://pokeapi.co/api/v2/pokemon?offset=721&limit=560,,"{'name': 'quilladin', 'url': 'https://pokeapi.co/api/v2/pokemon/651/'}"
1281,https://pokeapi.co/api/v2/pokemon?offset=721&limit=560,,"{'name': 'chesnaught', 'url': 'https://pokeapi.co/api/v2/pokemon/652/'}"
1281,https://pokeapi.co/api/v2/pokemon?offset=721&limit=560,,"{'name': 'fennekin', 'url': 'https://pokeapi.co/api/v2/pokemon/653/'}"
1281,https://pokeapi.co/api/v2/pokemon?offset=721&limit=560,,"{'name': 'braixen', 'url': 'https://pokeapi.co/api/v2/pokemon/654/'}"
1281,https://pokeapi.co/api/v2/pokemon?offset=721&limit=560,,"{'name': 'delphox', 'url': 'https://pokeapi.co/api/v2/pokemon/655/'}"
1281,https://pokeapi.co/api/v2/pokemon?offset=721&limit=560,,"{'name': 'froakie', 'url': 'https://pokeapi.co/api/v2/pokemon/656/'}"
1281,https://pokeapi.co/api/v2/pokemon?offset=721&limit=560,,"{'name': 'frogadier', 'url': 'https://pokeapi.co/api/v2/pokemon/657/'}"
1281,https://pokeapi.co/api/v2/pokemon?offset=721&limit=560,,"{'name': 'greninja', 'url': 'https://pokeapi.co/api/v2/pokemon/658/'}"
1281,https://pokeapi.co/api/v2/pokemon?offset=721&limit=560,,"{'name': 'bunnelby', 'url': 'https://pokeapi.co/api/v2/pokemon/659/'}"
1281,https://pokeapi.co/api/v2/pokemon?offset=721&limit=560,,"{'name': 'diggersby', 'url': 'https://pokeapi.co/api/v2/pokemon/660/'}"
1281,https://pokeapi.co/api/v2/pokemon?offset=721&limit=560,,"{'name': 'fletchling', 'url': 'https://pokeapi.co/api/v2/pokemon/661/'}"
1281,https://pokeapi.co/api/v2/pokemon?offset=721&limit=560,,"{'name': 'fletchinder', 'url': 'https://pokeapi.co/api/v2/pokemon/662/'}"
1281,https://pokeapi.co/api/v2/pokemon?offset=721&limit=560,,"{'name': 'talonflame', 'url': 'https://pokeapi.co/api/v2/pokemon/663/'}"
1281,https://pokeapi.co/api/v2/pokemon?offset=721&limit=560,,"{'name': 'scatterbug', 'url': 'https://pokeapi.co/api/v2/pokemon/664/'}"
1281,https://pokeapi.co/api/v2/pokemon?offset=721&limit=560,,"{'name': 'spewpa', 'url': 'https://pokeapi.co/api/v2/pokemon/665/'}"
1281,https://pokeapi.co/api/v2/pokemon?offset=721&limit=560,,"{'name': 'vivillon', 'url': 'https://pokeapi.co/api/v2/pokemon/666/'}"
1281,https://pokeapi.co/api/v2/pokemon?offset=721&limit=560,,"{'name': 'litleo', 'url': 'https://pokeapi.co/api/v2/pokemon/667/'}"
1281,https://pokeapi.co/api/v2/pokemon?offset=721&limit=560,,"{'name': 'pyroar', 'url': 'https://pokeapi.co/api/v2/pokemon/668/'}"
1281,https://pokeapi.co/api/v2/pokemon?offset=721&limit=560,,"{'name': 'flabebe', 'url': 'https://pokeapi.co/api/v2/pokemon/669/'}"
1281,https://pokeapi.co/api/v2/pokemon?offset=721&limit=560,,"{'name': 'floette', 'url': 'https://pokeapi.co/api/v2/pokemon/670/'}"
1281,https://pokeapi.co/api/v2/pokemon?offset=721&limit=560,,"{'name': 'florges', 'url': 'https://pokeapi.co/api/v2/pokemon/671/'}"
1281,https://pokeapi.co/api/v2/pokemon?offset=721&limit=560,,"{'name': 'skiddo', 'url': 'https://pokeapi.co/api/v2/pokemon/672/'}"
1281,https://pokeapi.co/api/v2/pokemon?offset=721&limit=560,,"{'name': 'gogoat', 'url': 'https://pokeapi.co/api/v2/pokemon/673/'}"
1281,https://pokeapi.co/api/v2/pokemon?offset=721&limit=560,,"{'name': 'pancham', 'url': 'https://pokeapi.co/api/v2/pokemon/674/'}"
1281,https://pokeapi.co/api/v2/pokemon?offset=721&limit=560,,"{'name': 'pangoro', 'url': 'https://pokeapi.co/api/v2/pokemon/675/'}"
1281,https://pokeapi.co/api/v2/pokemon?offset=721&limit=560,,"{'name': 'furfrou', 'url': 'https://pokeapi.co/api/v2/pokemon/676/'}"
1281,https://pokeapi.co/api/v2/pokemon?offset=721&limit=560,,"{'name': 'espurr', 'url': 'https://pokeapi.co/api/v2/pokemon/677/'}"
1281,https://pokeapi.co/api/v2/pokemon?offset=721&limit=560,,"{'name': 'meowstic-male', 'url': 'https://pokeapi.co/api/v2/pokemon/678/'}"
1281,https://pokeapi.co/api/v2/pokemon?offset=721&limit=560,,"{'name': 'honedge', 'url': 'https://pokeapi.co/api/v2/pokemon/679/'}"
1281,https://pokeapi.co/api/v2/pokemon?offset=721&limit=560,,"{'name': 'doublade', 'url': 'https://pokeapi.co/api/v2/pokemon/680/'}"
1281,https://pokeapi.co/api/v2/pokemon?offset=721&limit=560,,"{'name': 'aegislash-shield', 'url': 'https://pokeapi.co/api/v2/pokemon/681/'}"
1281,https://pokeapi.co/api/v2/pokemon?offset=721&limit=560,,"{'name': 'spritzee', 'url': 'https://pokeapi.co/api/v2/pokemon/682/'}"
1281,https://pokeapi.co/api/v2/pokemon?offset=721&limit=560,,"{'name': 'aromatisse', 'url': 'https://pokeapi.co/api/v2/pokemon/683/'}"
1281,https://pokeapi.co/api/v2/pokemon?offset=721&limit=560,,"{'name': 'swirlix', 'url': 'https://pokeapi.co/api/v2/pokemon/684/'}"
1281,https://pokeapi.co/api/v2/pokemon?offset=721&limit=560,,"{'name': 'slurpuff', 'url': 'https://pokeapi.co/api/v2/pokemon/685/'}"
1281,https://pokeapi.co/api/v2/pokemon?offset=721&limit=560,,"{'name': 'inkay', 'url': 'https://pokeapi.co/api/v2/pokemon/686/'}"
1281,https://pokeapi.co/api/v2/pokemon?offset=721&limit=560,,"{'name': 'malamar', 'url': 'https://pokeapi.co/api/v2/pokemon/687/'}"
1281,https://pokeapi.co/api/v2/pokemon?offset=721&limit=560,,"{'name': 'binacle', 'url': 'https://pokeapi.co/api/v2/pokemon/688/'}"
1281,https://pokeapi.co/api/v2/pokemon?offset=721&limit=560,,"{'name': 'barbaracle', 'url': 'https://pokeapi.co/api/v2/pokemon/689/'}"
1281,https://pokeapi.co/api/v2/pokemon?offset=721&limit=560,,"{'name': 'skrelp', 'url': 'https://pokeapi.co/api/v2/pokemon/690/'}"
1281,https://pokeapi.co/api/v2/pokemon?offset=721&limit=560,,"{'name': 'dragalge', 'url': 'https://pokeapi.co/api/v2/pokemon/691/'}"
1281,https://pokeapi.co/api/v2/pokemon?offset=721&limit=560,,"{'name': 'clauncher', 'url': 'https://pokeapi.co/api/v2/pokemon/692/'}"
1281,https://pokeapi.co/api/v2/pokemon?offset=721&limit=560,,"{'name': 'clawitzer', 'url': 'https://pokeapi.co/api/v2/pokemon/693/'}"
1281,https://pokeapi.co/api/v2/pokemon?offset=721&limit=560,,"{'name': 'helioptile', 'url': 'https://pokeapi.co/api/v2/pokemon/694/'}"
1281,https://pokeapi.co/api/v2/pokemon?offset=721&limit=560,,"{'name': 'heliolisk', 'url': 'https://pokeapi.co/api/v2/pokemon/695/'}"
1281,https://pokeapi.co/api/v2/pokemon?offset=721&limit=560,,"{'name': 'tyrunt', 'url': 'https://pokeapi.co/api/v2/pokemon/696/'}"
1281,https://pokeapi.co/api/v2/pokemon?offset=721&limit=560,,"{'name': 'tyrantrum', 'url': 'https://pokeapi.co/api/v2/pokemon/697/'}"
1281,https://pokeapi.co/api/v2/pokemon?offset=721&limit=560,,"{'name': 'amaura', 'url': 'https://pokeapi.co/api/v2/pokemon/698/'}"
1281,https://pokeapi.co/api/v2/pokemon?offset=721&limit=560,,"{'name': 'aurorus', 'url': 'https://pokeapi.co/api/v2/pokemon/699/'}"
1281,https://pokeapi.co/api/v2/pokemon?offset=721&limit=560,,"{'name': 'sylveon', 'url': 'https://pokeapi.co/api/v2/pokemon/700/'}"
1281,https://pokeapi.co/api/v2/pokemon?offset=721&limit=560,,"{'name': 'hawlucha', 'url': 'https://pokeapi.co/api/v2/pokemon/701/'}"
1281,https://pokeapi.co/api/v2/pokemon?offset=721&limit=560,,"{'name': 'dedenne', 'url': 'https://pokeapi.co/api/v2/pokemon/702/'}"
1281,https://pokeapi.co/api/v2/pokemon?offset=721&limit=560,,"{'name': 'carbink', 'url': 'https://pokeapi.co/api/v2/pokemon/703/'}"
1281,https://pokeapi.co/api/v2/pokemon?offset=721&limit=560,,"{'name': 'goomy', 'url': 'https://pokeapi.co/api/v2/pokemon/704/'}"
1281,https://pokeapi.co/api/v2/pokemon?offset=721&limit=560,,"{'name': 'sliggoo', 'url': 'https://pokeapi.co/api/v2/pokemon/705/'}"
1281,https://pokeapi.co/api/v2/pokemon?offset=721&limit=560,,"{'name': 'goodra', 'url': 'https://pokeapi.co/api/v2/pokemon/706/'}"
1281,https://pokeapi.co/api/v2/pokemon?offset=721&limit=560,,"{'name': 'klefki', 'url': 'https://pokeapi.co/api/v2/pokemon/707/'}"
1281,https://pokeapi.co/api/v2/pokemon?offset=721&limit=560,,"{'name': 'phantump', 'url': 'https://pokeapi.co/api/v2/pokemon/708/'}"
1281,https://pokeapi.co/api/v2/pokemon?offset=721&limit=560,,"{'name': 'trevenant', 'url': 'https://pokeapi.co/api/v2/pokemon/709/'}"
1281,https://pokeapi.co/api/v2/pokemon?offset=721&limit=560,,"{'name': 'pumpkaboo-average', 'url': 'https://pokeapi.co/api/v2/pokemon/710/'}"
1281,https://pokeapi.co/api/v2/pokemon?offset=721&limit=560,,"{'name': 'gourgeist-average', 'url': 'https://pokeapi.co/api/v2/pokemon/711/'}"
1281,https://pokeapi.co/api/v2/pokemon?offset=721&limit=560,,"{'name': 'bergmite', 'url': 'https://pokeapi.co/api/v2/pokemon/712/'}"
1281,https://pokeapi.co/api/v2/pokemon?offset=721&limit=560,,"{'name': 'avalugg', 'url': 'https://pokeapi.co/api/v2/pokemon/713/'}"
1281,https://pokeapi.co/api/v2/pokemon?offset=721&limit=560,,"{'name': 'noibat', 'url': 'https://pokeapi.co/api/v2/pokemon/714/'}"
1281,https://pokeapi.co/api/v2/pokemon?offset=721&limit=560,,"{'name': 'noivern', 'url': 'https://pokeapi.co/api/v2/pokemon/715/'}"
1281,https://pokeapi.co/api/v2/pokemon?offset=721&limit=560,,"{'name': 'xerneas', 'url': 'https://pokeapi.co/api/v2/pokemon/716/'}"
1281,https://pokeapi.co/api/v2/pokemon?offset=721&limit=560,,"{'name': 'yveltal', 'url': 'https://pokeapi.co/api/v2/pokemon/717/'}"
1281,https://pokeapi.co/api/v2/pokemon?offset=721&limit=560,,"{'name': 'zygarde-50', 'url': 'https://pokeapi.co/api/v2/pokemon/718/'}"
1281,https://pokeapi.co/api/v2/pokemon?offset=721&limit=560,,"{'name': 'diancie', 'url': 'https://pokeapi.co/api/v2/pokemon/719/'}"
1281,https://pokeapi.co/api/v2/pokemon?offset=721&limit=560,,"{'name': 'hoopa', 'url': 'https://pokeapi.co/api/v2/pokemon/720/'}"
1281,https://pokeapi.co/api/v2/pokemon?offset=721&limit=560,,"{'name': 'volcanion', 'url': 'https://pokeapi.co/api/v2/pokemon/721/'}"
